id,nome,eta,nato_il,nazionalita
63371,Malen,27,19/01/1999,Olanda
120635,Zeballos,24,24/04/2002,Argentina
70991,Esposito,24,02/07/2002,Italia
109711,Raimondo,22,18/03/2004,Italia
63275,Thuram,29,06/08/1997,Francia
71896,Adams,30,13/07/1996,Scozia
116477,Kvernadze,23,07/02/2003,Georgia
118085,Esposito,21,28/06/2005,Italia
111438,Soule,23,15/04/2003,Argentina
118419,Diao,21,07/09/2005,Senegal
118290,Douvikas,27,02/08/1999,Grecia
67777,Lautaro Martinez,29,22/08/1997,Argentina
119548,Gustavo Varela,21,30/01/2005,Portogallo
35059,Berardi,32,01/08/1994,Italia
120541,Robinson,19,15/03/2007,Inghilterra
102774,Hojlund,23,04/02/2003,Danimarca
95132,Gonzalez,28,06/04/1998,Argentina
119848,Pellegrino,25,22/10/2001,Argentina
37689,Dybala,33,15/11/1993,Argentina
111489,Bonny,23,25/10/2003,
66162,Raspadori,26,18/02/2000,Italia
96400,Goncalo Ramos,25,20/06/2001,Portogallo
120550,Romero,23,25/03/2003,Argentina
120334,Mendy,19,13/01/2007,Senegal
61870,Scamacca,27,01/01/1999,Italia
118401,Gueye,20,16/09/2006,Senegal
119040,Noslin,27,07/07/1999,Olanda
120319,Bowie,24,21/09/2002,Scozia
53582,Dovbyk,29,21/06/1997,Ucraina
102086,Yeboah,26,23/06/2000,Ecuador
102766,Cancellieri,24,12/02/2002,Italia
118061,Adams,26,29/01/2000,Nigeria
95769,Krstovic,26,05/04/2000,Montenegro
66238,Osmajic,27,25/07/1999,Montenegro
120544,Lontani,18,18/01/2008,Italia
111387,Beto,28,31/01/1998,
118054,Yildiz,21,04/05/2005,Turchia
120643,Sugamele,19,22/02/2007,Italia
61229,Kean,26,28/02/2000,Italia
70458,Piccoli,25,27/01/2001,Italia
98442,Bobcek,25,08/09/2001,Slovacchia
46806,Boga,29,03/01/1997,
118899,Ghedjemis,24,06/09/2002,Algeria
95435,Lauriente,28,04/12/1998,Francia
58086,Davis,28,13/02/1998,Inghilterra
66187,Lang,27,17/06/1999,Olanda
116509,Fini,20,02/06/2006,Italia
95331,Kolo Muani,28,05/12/1998,Francia
95519,De Ketelaere,25,10/03/2001,Belgio
100862,Dany Mota,28,02/05/1998,Portogallo
103090,Frigan,23,11/02/2003,Croazia
103168,Vitinha,26,15/03/2000,Portogallo
111827,Rowe,23,30/04/2003,Inghilterra
112727,Bîrligea,26,19/04/2000,Romania
114004,Albion Rrahmani,26,31/08/2000,Kosovo
118464,Forson,22,20/07/2004,Inghilterra
51306,Cutrone,28,03/01/1998,Italia
95276,Geubbels,25,16/08/2001,Francia
110216,Lucca,26,10/09/2000,Italia
95422,Toure,25,03/10/2001,Mali
97629,Stulic,25,08/09/2001,Serbia
102693,Almqvist,27,10/07/1999,Svezia
119063,Njie,21,14/05/2005,Svezia
120447,Alajbegovic,19,21/09/2007,
68893,Bayo,29,10/01/1997,
113898,Gnonto,23,05/11/2003,Italia
119094,Castro,22,18/09/2004,Argentina
119895,Jesus Rodriguez,21,21/11/2005,Spagna
61894,David Neres,29,03/03/1997,Brasile
59346,Pinamonti,27,19/05/1999,Italia
119842,N’Dri,26,27/10/2000,Niger
60802,Simeone,31,05/07/1995,Argentina
102053,Cambiaghi,26,28/12/2000,Italia
102065,Felici,25,17/04/2001,Italia
117113,Ousmane Diallo,19,12/06/2007,Spagna
119760,Dominguez,23,19/09/2003,Argentina
120522,Lauberbach,28,15/02/1998,Germania
120536,Paco Esteban,20,02/05/2006,Spagna
120610,Fatah,22,19/02/2004,Svezia
95108,Woltemade,24,14/02/2002,Germania
95480,Aboukhlal,26,18/02/2000,Marocco
95684,Isaksen,25,19/04/2001,Danimarca
103519,Kevin Carlos,25,10/04/2001,Spagna
120320,Elphege,25,09/01/2001,Francia
67887,Kulenovic,27,04/12/1999,Croazia
95165,Colombo,24,08/03/2002,Italia
114932,El Azzouzi,25,29/05/2001,Marocco
115299,Enem,23,11/03/2003,Olanda
118749,Camarda,18,10/03/2008,Italia
120549,Žulevic,19,14/09/2007,Slovacchia
120553,Kulla,18,20/02/2008,Albania
120653,Oboavwoduo,20,23/08/2006,Inghilterra
43622,Zapata,35,01/04/1991,Colombia
113444,Moreira,22,06/08/2004,Belgio
96934,Zhegrova,27,31/03/1999,Kosovo
61532,Frattesi,27,22/09/1999,Italia
120530,Mastantuono,19,14/08/2007,Argentina
42724,Calhanoglu,32,08/02/1994,Turchia
116597,Pisilli,22,23/09/2004,Italia
117416,Adzic,20,12/05/2006,Montenegro
120111,Gorter,21,31/01/2005,Olanda
73082,Maldini,25,11/10/2001,Italia
95265,Coulibaly,30,10/04/1996,Mali
103455,Baturina,23,16/02/2003,Croazia
66186,Ekkelenkamp,26,05/04/2000,Olanda
116519,Cisse,20,22/10/2006,Italia
45456,Barella,29,07/02/1997,Italia
19157,De Bruyne,35,28/06/1991,Belgio
38482,Zielinski,32,20/05/1994,Polonia
119818,Romano,20,17/06/2006,Svizzera
38053,Rabiot,31,03/04/1995,Francia
109651,Diouf,23,17/05/2003,Francia
111808,Vergara,23,16/01/2003,Italia
116105,Paz,22,08/09/2004,Argentina
44090,Lobotka,32,25/11/1994,Slovacchia
61700,Gudmundsson,29,15/06/1997,Islanda
120558,Rodrigo Mora,19,05/05/2007,Portogallo
49183,Mandragora,29,29/06/1997,Italia
68771,Koopmeiners,28,28/02/1998,Olanda
112712,Ederson,27,07/07/1999,Brasile
115181,Hainaut,24,18/02/2002,Francia
95081,Samardzic,24,24/02/2002,Serbia
111630,Volpato,23,15/11/2003,Australia
95556,Karlstrom,31,21/06/1995,Svezia
53448,Pulisic,28,18/09/1998,Stati Uniti
66512,Colpani,27,11/05/1999,Italia
68546,Piotrowski,29,04/10/1997,Polonia
69844,Chukwueze,27,22/05/1999,Nigeria
40864,Politano,33,03/08/1993,Italia
66457,Adopo,26,19/07/2000,Francia
104526,Francisco Conceicao,24,14/12/2002,Portogallo
43177,Zaccagni,31,16/06/1995,Italia
58637,Calo,29,05/02/1997,Italia
94684,Luis Milla,32,07/10/1994,Spagna
100764,Ilic,25,17/03/2001,Serbia
111870,Fazzini,23,16/03/2003,Italia
102680,Zalewski,24,23/01/2002,Polonia
110125,Masini,25,27/01/2001,Italia
116309,Perrone,23,07/01/2003,Argentina
116835,Unai Gomez,23,25/05/2003,Spagna
119493,Bakola,19,30/11/2007,Francia
119716,Dele-Bashiru,25,06/02/2001,Nigeria
120542,Mout,19,06/08/2007,Italia
17744,Cristante,31,03/03/1995,Italia
95073,McKennie,28,28/08/1998,Stati Uniti
102241,Taylor,24,16/05/2002,Olanda
118992,Pierotti,25,03/04/2001,Argentina
119874,Cacciamani,19,29/06/2007,Italia
45103,Winks,30,02/02/1996,Inghilterra
73202,da Cunha,25,09/06/2001,Francia
102896,Sucic,23,25/10/2003,Croazia
116902,Akinsanmiro,22,25/11/2004,Nigeria
40264,Pasalic,31,09/02/1995,Croazia
50523,Locatelli,28,08/01/1998,Italia
65986,Saelemaekers,27,27/06/1999,Belgio
67792,Gaetano,26,05/05/2000,Italia
101929,Musah,24,29/11/2002,Stati Uniti
102394,Luis Henrique,25,14/12/2001,Brasile
103752,Fagioli,25,12/02/2001,Italia
110798,Monteiro,27,05/08/1999,Svizzera
111005,Thorstvedt,27,13/03/1999,Norvegia
120240,Cinquegrano,22,25/06/2004,Italia
120567,Libra,18,21/03/2008,Venezuela
19997,Matic,38,01/08/1988,Serbia
60933,Maleh,28,22/08/1998,Marocco
62529,McTominay,30,08/12/1996,Scozia
70706,Rovella,25,04/12/2001,Italia
77814,Busio,24,28/05/2002,Stati Uniti
115389,Belahyane,22,01/06/2004,Marocco
120328,Alisson Santos,24,27/09/2002,Brasile
50050,Anguissa,31,16/11/1995,Camerun
66359,Jones,25,30/01/2001,Inghilterra
109703,Fitz-Jim,23,05/07/2003,Olanda
110784,Frendrup,25,07/04/2001,Danimarca
116114,Gineitis,22,15/04/2004,Lituania
116582,Ndour,22,27/07/2004,Italia
117169,Atta,23,14/01/2003,Francia
16909,Modric,41,09/09/1985,Croazia
39156,Bernardeschi,32,16/02/1994,Italia
46949,Vlasic,29,04/10/1997,Croazia
64532,Douglas Luiz,28,09/05/1998,Brasile
70392,Kone,25,17/05/2001,Francia
101863,Oier Zarraga,27,04/01/1999,Spagna
102205,Pote,28,28/06/1998,Portogallo
102232,Daniel Braganca,27,27/05/1999,Portogallo
102659,Sarr,24,14/09/2002,Senegal
102850,Baldanzi,23,23/03/2003,Italia
110520,Zerbin,27,03/03/1999,Italia
110634,Ellertsson,24,11/03/2002,Islanda
112219,Ilkhan,22,01/06/2004,Turchia
112387,Hutchinson,23,30/10/2003,Inghilterra
115133,Berisha,23,21/10/2003,Albania
115142,Fabbian,23,14/01/2003,Italia
115169,Sulemana,23,22/05/2003,Ghana
115754,Jashari,24,30/07/2002,Svizzera
117489,Fadera,25,03/11/2001,Gambia
118353,Cremaschi,21,02/03/2005,Stati Uniti
119755,Liberali,19,06/04/2007,Italia
119901,Ordonez,22,24/07/2004,Argentina
120322,Alex Amorim,21,18/05/2005,Brasile
120430,Inao Oulai,20,06/04/2006,
120442,Meichtry,21,08/07/2005,Svizzera
120500,Foe Ondoa,21,12/12/2005,Francia
17758,El Shaarawy,34,27/10/1992,Italia
36130,de Roon,35,29/03/1991,Olanda
38964,Gagliardini,32,07/04/1994,Italia
49768,Loftus-Cheek,30,23/01/1996,Inghilterra
50707,Kessie,30,19/12/1996,
51334,Basic,30,25/11/1996,Croazia
52254,Moro,28,12/03/1998,Croazia
52468,Orsolini,29,24/01/1997,Italia
53045,Sierro,31,08/10/1995,Svizzera
54189,Sow,29,06/02/1997,Svizzera
60968,Pobega,27,15/07/1999,Italia
61639,Zaniolo,27,02/07/1999,Italia
64560,Junior Messias,35,13/05/1991,Brasile
67761,Brescianini,26,20/01/2000,Italia
71361,Ghion,26,23/02/2000,Italia
71942,Gilmour,25,11/06/2001,Scozia
94911,Adrian Bernabe,25,26/05/2001,Spagna
96525,Ferguson,27,24/08/1999,Scozia
97355,Helgason,26,28/09/2000,Islanda
118111,Keita,24,10/05/2002,Belgio
120280,Ngom,22,09/03/2004,Mauritania
40467,Deiola,31,01/08/1995,Italia
102118,Folorunsho,28,07/02/1998,Italia
69380,Caqueret,26,15/02/2000,Francia
116026,Lipani,21,18/05/2005,Italia
118972,Hasa,22,06/01/2004,Albania
120220,Konate,20,25/11/2006,Senegal
120507,Cichella,21,04/10/2005,Italia
53662,Elmas,27,24/09/1999,Macedonia FYR
120434,Amondarain,21,06/01/2005,Argentina
102014,Odgaard,27,31/03/1999,Danimarca
120119,Miller,20,25/08/2006,Scozia
59311,Schmid,26,27/01/2000,Austria
94761,Kike Perez,29,14/02/1997,Spagna
113110,Casadei,23,10/01/2003,Italia
120516,Dagasso,22,01/04/2004,Italia
120639,Toni Fernandez,18,15/07/2008,Spagna
20517,Mkhitaryan,37,21/01/1989,Armenia
60867,Chakvetadze,27,29/08/1999,Georgia
102496,Sohm,25,11/04/2001,Svizzera
115836,Colombo,21,04/06/2005,Italia
103077,Ciervo,24,01/04/2002,Italia
115525,Stankovic,21,03/08/2005,Serbia
118183,Kaba,25,27/10/2001,Guinea
119754,Mbangula,22,16/01/2004,Belgio
120276,Gandelman,26,16/05/2000,Israele
51864,Grillitsch,31,07/08/1995,Austria
52556,Lovric,28,28/03/1998,Slovenia
69264,Ricci,25,21/08/2001,Italia
110166,Gatti,28,24/06/1998,Italia
115158,Odenthal,26,26/09/2000,Olanda
102058,Carlos Augusto,27,07/01/1999,Brasile
120438,Kaiki,23,08/03/2003,Brasile
56975,Kamara,32,05/03/1994,
117151,Bisseck,26,29/11/2000,Germania
119838,Tiago Gabriel,22,26/12/2004,Portogallo
114323,Doig,24,18/05/2002,Scozia
115463,Favasuli,22,26/04/2004,Italia
119724,Sagrado,22,30/01/2004,Belgio
110535,Ricardo Mangas,28,19/03/1998,Portogallo
63346,Mario Hermoso,31,18/06/1995,Spagna
67789,Bremer,29,18/03/1997,Brasile
119152,Jacobo Ramon,21,06/01/2005,Spagna
115179,Bracaglia,23,19/07/2003,Italia
118201,Comuzzo,21,20/02/2005,Italia
49438,Mancini,30,17/04/1996,Italia
115130,Abankwah,22,16/01/2004,Irlanda
113511,Doekhi,28,30/06/1998,Olanda
115890,Alex Valle,22,25/04/2004,Spagna
119945,Wesley,23,06/09/2003,Brasile
49778,Dimarco,29,10/11/1997,Italia
110625,Obert,24,23/08/2002,Slovacchia
113048,Oyono,25,12/04/2001,Gabon
51495,Rrahmani,32,24/02/1994,Kosovo
51611,Akanji,31,19/07/1995,Svizzera
67743,Ndicka,27,20/08/1999,
72863,Nuno Tavares,26,26/01/2000,Portogallo
94914,Yan Couto,24,03/06/2002,Brasile
101889,Kalulu,26,05/06/2000,Francia
120128,Lulli,19,17/08/2007,Italia
61306,Bastoni,27,13/04/1999,Italia
101890,Molina,28,06/04/1998,Argentina
43014,Zappacosta,34,11/06/1992,Italia
54144,Comert,28,04/02/1998,Svizzera
66177,Juan Miranda,26,19/01/2000,Spagna
95318,Chalobah,27,05/07/1999,Inghilterra
102806,De Winter,24,12/06/2002,Belgio
110692,Vasquez,28,22/10/1998,Messico
119654,Rodriguez,21,30/05/2005,Uruguay
120286,Helland,21,25/04/2005,Norvegia
20809,Di Lorenzo,33,04/08/1993,Italia
61216,Birindelli,27,19/07/1999,Italia
66280,Celik,29,17/02/1997,Turchia
95361,Balerdi,27,26/01/1999,Argentina
118586,Alex Jimenez,21,08/05/2005,Spagna
59174,Estupinan,28,21/01/1998,Ecuador
102886,Scalvini,23,11/12/2003,Italia
111607,Floriani Mussolini,23,27/01/2003,Italia
112395,Cittadini,24,18/04/2002,Italia
116659,Leysen,23,09/07/2003,Belgio
120138,Siebert,24,02/04/2002,Germania
26211,Spinazzola,33,25/03/1993,Italia
71540,Vojvoda,31,01/02/1995,Kosovo
102062,Valeri,28,07/12/1998,Italia
102450,Bernasconi,23,16/11/2003,Italia
102945,Dragusin,24,03/02/2002,Romania
110749,Theate,26,25/05/2000,Belgio
111845,Ze Pedro,29,06/06/1997,Portogallo
111873,Rafa Marin,24,19/05/2002,Spagna
112625,Mario Gila,26,29/08/2000,Spagna
118068,Ghilardi,23,06/01/2003,Italia
118223,Bartesaghi,21,29/12/2005,Italia
119515,Fortini,20,13/02/2006,Italia
119839,Danilo Veiga,24,25/09/2002,Portogallo
119843,Provstgaard Nielsen,23,04/06/2003,Danimarca
120135,Belghali,24,07/06/2002,Algeria
120283,Drobnic,19,05/04/2007,Slovenia
120428,Viery,21,02/01/2005,Brasile
120431,Koulierakis,23,28/11/2003,Grecia
17403,Rodriguez,34,25/08/1992,Svizzera
17861,Juan Jesus,35,10/06/1991,Brasile
35198,Sabelli,33,13/01/1993,Italia
38177,Haps,33,12/06/1993,Suriname
49976,Pavard,30,28/03/1996,Francia
50622,Alfonso Pedraza,30,09/04/1996,Spagna
63096,Marusic,34,17/10/1992,Montenegro
64713,Ranieri,27,23/04/1999,Italia
69407,Gallo,26,05/01/2000,Italia
76574,Zortea,27,19/06/1999,Italia
95128,Kempf,31,28/01/1995,Germania
95516,Kossounou,25,04/01/2001,
95957,Franjic,26,14/01/2000,Croazia
98169,Holm,26,13/05/2000,Svezia
117029,Saul Coco,27,09/02/1999,Guinea Equatoriale
119765,Kouadio,20,07/05/2006,Italia
70846,Pavlovic,25,24/05/2001,Serbia
78237,Monterisi,25,19/12/2001,Italia
95264,Ebosse,27,11/03/1999,Camerun
110366,Bella-Kotchap,25,11/12/2001,Germania
39584,Stones,32,28/05/1994,Inghilterra
58739,Ismajli,30,30/09/1996,Albania
65752,Solet,26,07/02/2000,Francia
119948,Ndaba,27,25/12/1999,Irlanda
120429,Valde,20,20/10/2006,Spagna
120499,Bakoune,20,06/02/2006,Italia
120604,Alhassane,24,01/01/2002,Niger
49392,Ehizibue,31,25/05/1995,Olanda
64709,Olivera,29,31/10/1997,Uruguay
66418,Delprato,27,10/11/1999,Italia
94722,Rafa Obrador,22,24/02/2004,Spagna
95196,Carboni,25,04/02/2001,Italia
95701,Joao Mario,26,03/01/2000,Portogallo
115107,Kofler,21,26/04/2005,Italia
117802,Idzes,26,02/06/2000,Indonesia
120151,Britschgi,20,27/08/2006,Svizzera
70142,Thierry Correia,27,09/03/1999,Portogallo
71322,Kelly,28,06/10/1998,Inghilterra
115833,Calvani,22,12/01/2004,Italia
117727,Marcandalli,24,25/10/2002,Italia
118057,Lucchesi,23,09/05/2003,Italia
120136,Troilo,23,28/06/2003,Argentina
17350,Kolasinac,33,20/06/1993,
102393,Valenti,27,14/01/1999,Argentina
106152,Ndiaye,24,10/04/2002,Senegal
119561,Palma,18,13/03/2008,Germania
119711,Kialonda Gaspar,29,27/09/1997,Angola
119821,Otoa,22,13/05/2004,Danimarca
119841,Smolcic,26,17/08/2000,Croazia
37476,Kabasele,35,24/02/1991,Belgio
50946,Diego Carlos,33,15/03/1993,Brasile
59671,Lazzari,33,29/11/1993,Italia
62553,Gabbia,27,21/10/1999,Italia
63203,Pongracic,29,11/09/1997,Croazia
63462,Terzic,27,17/08/1999,Serbia
65433,Bellanova,26,17/05/2000,Italia
65906,Dodô,28,17/11/1998,Brasile
69996,Badiashile,25,26/03/2001,Francia
71550,Sugawara,26,28/06/2000,Giappone
95960,Sutalo,26,28/02/2000,Croazia
98928,Patterson,25,16/10/2001,Scozia
105359,Heggem,27,12/01/1999,Norvegia
109914,Bertola,23,23/03/2003,Italia
109993,Østigård,27,28/11/1999,Norvegia
119759,Schingtienne,24,14/08/2002,Belgio
119769,Moreno,23,24/09/2003,Argentina
68545,Lucumi,28,26/06/1998,Colombia
102281,Cambiaso,26,20/02/2000,Italia
111487,Halhal,23,05/03/2003,Marocco
101933,Rensch,23,18/01/2003,Olanda
109534,Amey,21,11/08/2005,Italia
120232,Maye,20,21/03/2006,Francia
120272,Arizala,21,10/10/2005,Colombia
43291,Caleta-Car,30,17/09/1996,Croazia
69271,Diogo Leite,27,23/01/1999,Portogallo
95212,Terracciano,23,08/02/2003,Italia
95257,Aurelio,26,22/03/2000,Italia
44633,Milinkovic-Savic,29,20/02/1997,Serbia
60457,Svilar,27,27/08/1999,Serbia
69665,Caprile,25,25/08/2001,Italia
118319,Mandas,25,17/09/2001,Grecia
45335,Vicario,30,07/10/1996,Italia
70334,Carnesecchi,26,01/07/2000,Italia
110653,Palmisani,22,12/06/2004,Italia
42646,Maignan,31,03/07/1995,Francia
94809,Robert Sanchez,29,18/11/1997,Spagna
95090,Josep Martinez,28,27/05/1998,Spagna
98983,Butez,31,08/06/1995,Francia
119794,Pessina,19,25/12/2007,Italia
38409,Falcone,31,12/04/1995,Italia
49089,Meret,29,22/03/1997,Italia
118370,Lucas Perri,29,10/12/1997,Brasile
94916,Muric,28,07/11/1998,Kosovo
38871,Skorupski,35,05/05/1991,Polonia
73141,Corvi,25,23/03/2001,Italia
118649,Mascardi,20,26/09/2006,Italia
59898,Bijlow,28,22/01/1998,Olanda
77144,Okoye,27,28/08/1999,Nigeria
102651,Stankovic,24,25/02/2002,Serbia
61406,Thiam,28,05/03/1998,Senegal
16631,David de Gea,36,07/11/1990,Spagna
