squadra,nome,chiave,ruolo,tipo,infortunio,rientro_data,rientro_nota,fonti
Atalanta,Hien I.,hien,D,infortunato,Problemi alla coscia,30/09/2026,"il difensore operato a fine giugno per una lesione del tendine prossimale del muscolo semimembranoso della coscia sinistra, in recupero e pronto a tornare in campo dalla metà di ottobre.",fanta.soccer+transfermarkt+fantacalcio.it
Atalanta,Sulemana K.,sulemana,A,infortunato,Infortunio al legamento collaterale mediale,01/10/2026,"L'attaccante KO in amichevole l'8 agosto vittima di una lesione del collaterale mediale di secondo grado del ginocchio sinistro, recuperabile da inizio ottobre.",fanta.soccer+transfermarkt+fantacalcio.it
Bologna,Zortea N.,zortea,D,infortunato,Contusione all'anca,18/09/2026,Il terzino alle prese con un fastidio all'anca e assente domenica scorsa contro il Napoli al Maradona. Da valutare in vista di sabato contro il Toro al Dall'Ara nella 5a giornata.,fanta.soccer+transfermarkt+fantacalcio.it
Bologna,Orsolini R.,orsolini,C,infortunato,Infortunio alla coscia,23/09/2026,"l'ala offensiva dei felsinei fermo dal 31 agosto per un risentimento ai flessori della coscia sinistra lamentato a Bergamo. Recuperabile dalla seconda metà di settembre, proverà a strappare una convocazione in extremis già per sabato contro il Toro.",fanta.soccer+transfermarkt+fantacalcio.it
Bologna,Dovbyk A.,dovbyk,A,infortunato,Problema muscolare,18/09/2026,"L'attaccante non al meglio per noie muscolari al flessore, assente domenica scorsa a Napoli. Da valutare in settimana verso il match di sabato contro il Torino nella 5a giornata di campionato.",fanta.soccer+transfermarkt+fantacalcio.it
Bologna,El Azzouzi O.,elazzouzi,A,infortunato,,,"Il centrocampista ai box per una lesione del bicipite femorale della coscia sinistra, recuperabile dalla seconda metà di settembre.",fanta.soccer+fantacalcio.it
Cagliari,Idrissi R.,idrissi,D,infortunato,Rottura del legamento crociato,30/10/2026,"il calciatore in ripresa dalla rottura del legamento crociato, può tornare arruolabile dalla fine di ottobre.",fanta.soccer+transfermarkt+fantacalcio.it
Cagliari,Ze Pedro,zepedro,D,infortunato,,,,fanta.soccer
Cagliari,Felici M.,felici,A,infortunato,Rottura del legamento crociato,,il centrocampista KO il 7 settembre contro il Lecce in casa vittima della rottura del legamento crociato anteriore. Verrà operato e costretto a un lungo stop (ipotizziamo un rientro da marzo).,fanta.soccer+transfermarkt+fantacalcio.it
Cagliari,M'Bala Nzola,mbalanzola,A,infortunato,,,,fanta.soccer
Cagliari,Trepy Y.,trepy,A,infortunato,Problema fisico,,"Il calciatore ricoverato il 16 agosto dopo che avrebbe rischiato di annegare in piscina. Dimesso poi il 28 agosto, ora condizioni monitorate da parte dello staff medico rossoblù. Da metà settembre ha avuto l'ok per riprendere l'attività agonistica, potrebbe ora tornare convocabile dalla prima metà di ottobre.",fanta.soccer+transfermarkt+fantacalcio.it
Fiorentina,Parisi F.,parisi,D,infortunato,,,"il cursore di fascia della Viola sta svolgendo l'iter di recupero dall'infortunio al legamento crociato al ginocchio, punta a tornare convocabile da novembre.",fanta.soccer+fantacalcio.it
Genoa,Vasquez J.,vasquez,D,squalificato,,,,fanta.soccer
Genoa,Venturino L.,venturino,C,infortunato,,,"il calciatore operato al tendine rotuleo e ora in fase di recupero. Di certo assente nel prossimo turno di campionato, ipotesi di rientro da fine ottobre.",fanta.soccer+fantacalcio.it
Genoa,Havel E.,havel,A,infortunato,,,L'attaccante ha deciso di operarsi alla caviglia e dovrebbe tornare arruolabile dalla metà di ottobre.,fanta.soccer+fantacalcio.it
Inter,Spence D.,spence,D,infortunato,,,,fanta.soccer
Inter,Stones J.,stones,D,infortunato,,,"il difensore alle prese con un risentimento ai flessori della coscia sinistra, recuperabile da inizio ottobre.",fanta.soccer+fantacalcio.it
Inter,Calhanoglu H.,calhanoglu,C,infortunato,Affaticamento muscolare,18/09/2026,"Il turco in tribuna lunedì sera contro l'Udinese per un risentimento muscolare all'adduttore della coscia destra, condizioni da valutare quotidianamente in vista del match di Roma contro i giallorossi in programma domenica.",fanta.soccer+transfermarkt+fantacalcio.it
Juventus,Kelly L.,kelly,D,squalificato,,,,fanta.soccer
Juventus,Cabal J.,cabal,D,infortunato,Problemi alla coscia,,"il difensore ai box da inizio settembre per una lesione di basso grado del muscolo semimembranoso della coscia sinistra, recuperabile dalla seconda metà di settembre.",fanta.soccer+transfermarkt+fantacalcio.it
Juventus,Cambiaso A.,cambiaso,D,infortunato,,,,fanta.soccer
Juventus,Locatelli M.,locatelli,C,infortunato,Infortunio al menisco,07/01/2027,il metronomo del centrocampo bianconero ha rimediato la rottura del menisco esterno del ginocchio. Verrà operato a Lione a stretto giro. Lungo stop e possibilità di rivederlo in campo da gennaio.,fanta.soccer+transfermarkt+fantacalcio.it
Juventus,McKennie W.,mckennie,C,infortunato,,,,fanta.soccer
Juventus,Thuram K.,thuram,C,infortunato,Operazione al ginocchio,01/01/2027,"il centrocampista condizionato da una sindrome femoro-rotulea e, dopo un consulto medico a fine agosto, è stato sottoposto il 3 settembre a operazione chirurgica. Lungo stop, ipotizziamo un rientro da gennaio.",fanta.soccer+transfermarkt+fantacalcio.it
Juventus,Boga J.,boga,A,infortunato,Infortunio al bicipite femorale,07/10/2026,"l'ala offensiva dei bianconeri fermo dopo il match contro il Milan (6 settembre) per una lesione di medio grado del bicipite femorale. Attesi nuovi esami medici a fine settembre per stabilire con esattezza i tempi di recupero, ma ipotizziamo oggi un possibile rientro dalla metà di ottobre.",fanta.soccer+transfermarkt+fantacalcio.it
Juventus,Ekhator J.,ekhator,A,infortunato,Stiramento alla coscia,02/11/2026,"l'attaccante vittima di una lesione di medio grado del muscolo semitendinoso, a metà settembre verrà sottoposto a nuovi esami medici per stabilire i tempi di recupero (in attesa dei nuovi risultati medici, ipotizziamo un lungo stop e un possibile rientro dalla fine di ottobre).",fanta.soccer+transfermarkt+fantacalcio.it
Juventus,Milik A.,milik,A,infortunato,,,,fanta.soccer
Juventus,Yildiz K.,yildiz,A,infortunato,,,"l'attaccante turco, dopo la gara di Frosinone (23 agosto), ha lamentato un problema al piede. Operato il 31 agosto di osteosintesi della frattura della base del V metatarso del piede sinistro, stop di circa tre mesi. Ipotesi di rientro in campo da fine novembre.",fanta.soccer+fantacalcio.it
Lazio,Furlanetto A.,furlanetto,P,infortunato,,,,fanta.soccer
Lazio,Doekhi D.,doekhi,D,infortunato,,,,fanta.soccer
Lazio,Marusic A.,marusic,D,infortunato,,,il terzino dei biancocelesti KO il 24 agosto a Bologna vittima di una lesione muscolare alla coscia. Ipotesi rientro da inizio ottobre.,fanta.soccer+fantacalcio.it
Lazio,Patric,patric,D,infortunato,,,,fanta.soccer
Lazio,Pellegrini L.,pellegrini,D,infortunato,,,,fanta.soccer
Lazio,Dele-Bashiru F.,delebashiru,C,infortunato,,,,fanta.soccer
Lazio,Rovella N.,rovella,C,infortunato,,,il regista dei biancocelesti KO il 30 agosto contro il Genoa vittima di una lesione muscolare al polpaccio che lo terrà ai box fino alla prima metà di ottobre.,fanta.soccer+fantacalcio.it
Lecce,Berisha M.,berisha,C,infortunato,Sovraccarico,01/10/2026,Il centrocampista ha lamentato un sovraccarico muscolare alla gamba e non ha preso parte al match di domenica scorsa in casa contro il Monza. Da valutare in settimana verso la sfida contro il Milan in trasferta nella 5a giornata di campionato.,fanta.soccer+transfermarkt+fantacalcio.it
Lecce,Gandelman O.,gandelman,C,infortunato,Problema fisico,,"Il centrocampista fuori causa domenica scorsa contro il Monza per noie fisiche. Da valutare in vista della prossima giornata di campionato, domenica sera a Milano contro i rossoneri.",fanta.soccer+transfermarkt+fantacalcio.it
Lecce,Geubbels W.,geubbels,A,infortunato,Distorsione alla caviglia,01/10/2026,"l'attaccante KO contro la Roma il 31 agosto vittima di una distorsione alla caviglia, rientro previsto da inizio ottobre.",fanta.soccer+transfermarkt+fantacalcio.it
Monza,Ciurria P.,ciurria,C,infortunato,Problema fisico,,"il centrocampista non al meglio per noie fisiche, forfait per venerdì contro il Sassuolo. Da valutare.",fanta.soccer+transfermarkt+fantacalcio.it
Monza,Pessina M.,pessina,C,infortunato,Infortunio al ginocchio,01/11/2026,"Il centrocampista costretto a saltare l'inizio di campionato per una lussazione della rotula del ginocchio destro rimediata nella prima metà di agosto in allenamento. Tempi di recupero da monitorare, ma proverà a tornare arruolabile dall'inizio di novembre.",fanta.soccer+transfermarkt+fantacalcio.it
Monza,Toure I.,toure,C,infortunato,,,,fanta.soccer
Monza,Ngonge C.,ngonge,A,infortunato,Ritardo di condizione,,,fanta.soccer+transfermarkt
Napoli,Meret A.,meret,P,infortunato,Infortunio agli adduttori,08/10/2026,Il portiere uscito claudicante dal match di mercoledì in Champions League per una lesione di basso grado all'adduttore lungo. Recuperabile dall'inizio di ottobre.,fanta.soccer+transfermarkt+fantacalcio.it
Napoli,Buongiorno A.,buongiorno,D,infortunato,Operazione al ginocchio,31/10/2026,"il difensore operato nella seconda metà di luglio al menisco del ginocchio destro. Sta recuperando lentamente, ipotizziamo possa tornare arruolabile da metà novembre.",fanta.soccer+transfermarkt+fantacalcio.it
Napoli,Marianucci L.,marianucci,D,infortunato,Infortunio al legamento collaterale mediale,12/10/2026,"Il difensore KO in amichevole l'8 agosto vittima di una lesione di alto grado del collaterale mediale del ginocchio sinistro. Tempi di recupero da valutare, ma rischia uno stop di almeno due mesi.",fanta.soccer+transfermarkt+fantacalcio.it
Napoli,Alisson Santos,alissonsantos,C,infortunato,,,,fanta.soccer
Napoli,Anguissa F.,anguissa,C,infortunato,,,,fanta.soccer
Napoli,McTominay S.,mctominay,C,infortunato,Problemi con il cuore,01/10/2026,Il centrocampista l'1 settembre a causa di una lieve aritmia benigna ha deciso di sottoporsi a un intervento di correzione tramite ablazione. Si confida di rivederlo in campo da metà ottobre.,fanta.soccer+transfermarkt+fantacalcio.it
Napoli,Giovane,giovane,A,infortunato,Ernia inguinale,08/10/2026,L'attaccante operato il 3 settembre a causa di un'ernia inguinale e recuperabile dall'inizio di ottobre.,fanta.soccer+transfermarkt+fantacalcio.it
Parma,Nicolussi H.,nicolussi,C,infortunato,,,,fanta.soccer
Roma,Ndicka E.,ndicka,D,infortunato,,,,fanta.soccer
Sassuolo,Fali Cande,falicande,D,infortunato,,,,fanta.soccer
Sassuolo,Idzes J.,idzes,D,infortunato,Stiramento alla coscia,,"Il difensorr ai box per una lesione di grado moderato al quadricipite della gamba sinistra, proverà a tornerà arruolabile dalla seconda metà di ottobre.",fanta.soccer+transfermarkt+fantacalcio.it
Sassuolo,Pieragnolo E.,pieragnolo,D,infortunato,Infortunio al legamento crociato,01/10/2026,il difensore sta proseguendo la fase di recupero dalla lesione legamento crociato anteriore gamba destra e ipotizziamo possa tornare convocabile da ottobre.,fanta.soccer+transfermarkt+fantacalcio.it
Sassuolo,Walukiewicz S.,walukiewicz,D,infortunato,Contusione muscolare,18/09/2026,"Il difensore alle prese con un forte trauma contusivo alla gamba destra, da valutare il rientro dalla fine di settembre.",fanta.soccer+transfermarkt+fantacalcio.it
Sassuolo,Boloca D.,boloca,C,infortunato,Artroscopia,30/09/2026,il centrocampista fuori causa per un problema al ginocchio e fuori causa in questo inizio di campionato. Da valutare rientro da fine settembre.,fanta.soccer+transfermarkt+fantacalcio.it
Sassuolo,Kone I.,kone,C,infortunato,Frattura di tibia e perone,03/01/2027,"il centrocampista canadese vittima a giugno nella gara dei Mondiali di una rottura di tibia e perone. Operato, punta a tornare in campo da dicembre.",fanta.soccer+transfermarkt+fantacalcio.it
Sassuolo,Volpato C.,volpato,C,infortunato,Infortunio muscolare,,l'esterno offensivo dei neroverdi KO il 6 settembre a Bologna vittima di una lesione di grado moderato al flessore della gamba destra. Recuperabile dall'inizio di ottobre.,fanta.soccer+transfermarkt+fantacalcio.it
Torino,Israel F.,israel,P,infortunato,Infortunio alla spalla,04/12/2026,,fanta.soccer+transfermarkt
Torino,Casadei C.,casadei,C,infortunato,,,"Il centrocampista fuori causa contro Roma, Fiorentina e Sassuolo a causa di un affaticamento muscolare, da valutare in settimana le possibilità di rientro in vista di sabato a Bologna nella 5a di campionato.",fanta.soccer+fantacalcio.it
Torino,Adams C.,adams,A,infortunato,Infortunio agli adduttori,11/10/2026,"L'attaccante frenato a metà settembre da una lesione distrattiva di basso grado all'adduttore, forfait contro Roma e Bologna. Punta a recuperare nella sosta per essere poi arruolabile dalla prima metà di ottobre.",fanta.soccer+transfermarkt+fantacalcio.it
Udinese,Palma M.,palma,D,infortunato,Infortunio muscolare,28/09/2026,il difensore nel primo turno di A contro il Como costretto al cambio per un lieve problema muscolare all'adduttore della coscia destra che lo terrà ai box fino alla fine di settembre.,fanta.soccer+transfermarkt+fantacalcio.it
Udinese,Zanoli A.,zanoli,D,infortunato,Rottura del legamento crociato,01/10/2026,"il calciatore operato a fine gennaio per la lesione del legamento crociato anteriore del ginocchio destro, sta ultimando la fase di recupero e può tornare convocabile dalla seconda metà di settembre.",fanta.soccer+transfermarkt+fantacalcio.it
Udinese,Piotrowski J.,piotrowski,C,infortunato,Problema fisico,30/10/2026,"Il centrocampista ha ravvisato il 7 settembre contro la Lazio una lieve aritmia cardiaca benigna e si sottoporrà nei prossimi giorni ad un intervento di ablazione cardiaca. Osservato un periodo di riposo, potrà tornare alla regolare attività agonistica (ipotizziamo da fine ottobre).",fanta.soccer+transfermarkt+fantacalcio.it
Udinese,Zaniolo N.,zaniolo,C,infortunato,,,,fanta.soccer
Venezia,Bella-Kotchap A.,bellakotchap,D,infortunato,,,il difensore costretto al cambio a Frosinone il 6 settembre per un risentimento muscolare mio-fasciale all'adduttore della gamba destra. Recuperabile dall'inizio di ottobre.,fanta.soccer+fantacalcio.it
Venezia,Franjic B.,franjic,D,infortunato,Infortunio alla spalla,07/12/2026,il difensore costretto al cambio a Milano contro i rossoneri a fine agosto per un guaio alla spalla che ha richiesto l'intervento chirurgico. Lungo stop e rientro dalla metà di dicembre.,fanta.soccer+transfermarkt+fantacalcio.it
Venezia,Moreno M.,moreno,D,infortunato,Infortunio muscolare,,,fanta.soccer+transfermarkt
Venezia,Sverko M.,sverko,D,infortunato,Problema fisico,31/10/2026,il difensore operato in estate per il perdurare di un problema all'anca e recuperabile da fine ottobre.,fanta.soccer+transfermarkt+fantacalcio.it
Venezia,Busio G.,busio,C,infortunato,Stiramento muscolare,,"il regista dei veneti KO l'11 settembre contro la Fiorentina vittima di una distrazione intratendinea del bicipite femorale destro. Rischia un lungo stop, di certo assente sabato sera contro la Lazio.",fanta.soccer+transfermarkt+fantacalcio.it
Venezia,Dagasso M.,dagasso,C,infortunato,Problema fisico,18/09/2026,Il centrocampista non convocato dalla gara dell'11 settembre contro la Fiorentina per un problema fisico. Da valutare ora in vista della 5a giornata di campionato.,fanta.soccer+transfermarkt+fantacalcio.it
Venezia,Adorante A.,adorante,A,infortunato,Infortunio alla schiena,01/10/2026,"l'attaccante a fine luglio ha deciso di operarsi per un problema alla schiena, che lo costringerà a stare ai box per buona parte del girone d'andata del campionato. Tentativo di rientro da ottobre.",fanta.soccer+transfermarkt+fantacalcio.it
Squadra,Roma,roma,,infortunato,,,,fanta.soccer
Squadra,Inter,inter,,infortunato,,,,fanta.soccer
Squadra,Como,como,,infortunato,,,,fanta.soccer
Squadra,Lazio,lazio,,infortunato,,,,fanta.soccer
Squadra,Cagliari,cagliari,,infortunato,,,,fanta.soccer
Squadra,Milan,milan,,infortunato,,,,fanta.soccer
Squadra,Arsenal,arsenal,,infortunato,,,,fanta.soccer
Squadra,Manchester City,manchestercity,,infortunato,,,,fanta.soccer
Squadra,Leeds United,leedsunited,,infortunato,,,,fanta.soccer
Squadra,Hull City,hullcity,,infortunato,,,,fanta.soccer
Squadra,Brighton & Hove Albion,brightonhovealbion,,infortunato,,,,fanta.soccer
Squadra,Chelsea,chelsea,,infortunato,,,,fanta.soccer
Squadra,Real Madrid,realmadrid,,infortunato,,,,fanta.soccer
Squadra,Barcellona,barcellona,,infortunato,,,,fanta.soccer
Squadra,Girona,girona,,infortunato,,,,fanta.soccer
Squadra,Atletico Madrid,atleticomadrid,,infortunato,,,,fanta.soccer
Squadra,Athletic Bilbao,athleticbilbao,,infortunato,,,,fanta.soccer
Squadra,Real Sociedad,realsociedad,,infortunato,,,,fanta.soccer
Squadra,Leverkusen,leverkusen,,infortunato,,,,fanta.soccer
Squadra,Stoccarda,stoccarda,,infortunato,,,,fanta.soccer
Squadra,Bayern Monaco,bayernmonaco,,infortunato,,,,fanta.soccer
Squadra,RB Lipsia,rblipsia,,infortunato,,,,fanta.soccer
Squadra,Borussia Dortmund,borussiadortmund,,infortunato,,,,fanta.soccer
Squadra,Eintracht Francoforte,eintrachtfrancoforte,,infortunato,,,,fanta.soccer
Squadra,PSG,psg,,infortunato,,,,fanta.soccer
Squadra,Monaco,monaco,,infortunato,,,,fanta.soccer
Squadra,Brest,brest,,infortunato,,,,fanta.soccer
Squadra,Lille,lille,,infortunato,,,,fanta.soccer
Squadra,Nizza,nizza,,infortunato,,,,fanta.soccer
Squadra,Lione,lione,,infortunato,,,,fanta.soccer
Squadra,Parma,parma,,infortunato,,,,fanta.soccer
Squadra,Como,como,,infortunato,,,,fanta.soccer
Squadra,Venezia,venezia,,infortunato,,,,fanta.soccer
Squadra,Cremonese,cremonese,,infortunato,,,,fanta.soccer
Squadra,Catanzaro,catanzaro,,infortunato,,,,fanta.soccer
Squadra,Palermo,palermo,,infortunato,,,,fanta.soccer
Bologna FC,Ukko Happonen,happonen,,infortunato,Problema agli adduttori,,"Il portiere alle prese con un risentimento all'adduttore destro, assente domenica scorsa a Napoli. Condizioni da valutare in settimana verso il match interno di sabato contro il Torino, a rischio la sua convocazione.",transfermarkt+fantacalcio.it
Cagliari Calcio,M'Bala Nzola,nzola,,infortunato,Ritardo di condizione,,,transfermarkt
Cagliari Calcio,Zé Pedro,pedro,,infortunato,Infortunio alla mano,,,transfermarkt
SS Lazio,Filipe Bordon,bordon,,infortunato,Frattura del metatarso,,,transfermarkt
SS Lazio,Alessio Furlanetto,furlanetto,,infortunato,Operazione al legamento crociato,,,transfermarkt
AC Monza,Jan Ziolkowski,ziolkowski,,infortunato,Infortunio al piede,,"Il difensore condizionato da una fastidiosa fascite plantare, di certo assente nel prossimo turno di campionato. Tempi di recupero da valutare.",transfermarkt+fantacalcio.it
SS Lazio,Danilho Doekhi,doekhi,,infortunato,Frattura del metacarpo,,,transfermarkt
SS Lazio,Patric,patric,,infortunato,Stiramento muscolare,,,transfermarkt
SS Lazio,Adam Marusic,marusic,,infortunato,Infortunio alla coscia,17/09/2026,,transfermarkt
Venezia FC,Toma Bašić,basic,,infortunato,Infiammazione della pianta plantare,18/09/2026,"Il centrocampista out contro Frosinone e Fiorentina per noie fisiche, rimane da valutare quotidianamente in vista di sabato sera in casa contro la Lazio nella 5a giornata di campionato.",transfermarkt+fantacalcio.it
Frosinone Calcio,Florian Grillitsch,grillitsch,,infortunato,Problema agli adduttori,18/09/2026,il centrocampista non convocato per Genova a causa di una sindrome retto-adduttoria. Salterà anche la sfida contro il Como in programma domenica e dovrebbe tornare arruolabile dalla 6a giornata di A.,transfermarkt+fantacalcio.it
SS Lazio,Nicolò Rovella,rovella,,infortunato,Infortunio al polpaccio,18/09/2026,,transfermarkt
SS Lazio,Fisayo Dele-Bashiru,bashiru,,infortunato,Infortunio alla coscia,18/09/2026,,transfermarkt
ACF Fiorentina,Arthur Atta,atta,,infortunato,Affaticamento muscolare,18/09/2026,,transfermarkt
Bologna FC,Oussama El Azzouzi,azzouzi,,infortunato,Infortunio al bicipite femorale,22/09/2026,,transfermarkt
Udinese Calcio,Oumar Solet,solet,,infortunato,Infortunio muscolare,30/09/2026,"il difensore il 7 settembre contro la Lazio costretto al cambio per una lesione al muscolo pettineo della gamba sinistra, è recuperabile dalla fine di settembre.",transfermarkt+fantacalcio.it
Como 1907,Jayden Addai,addai,,infortunato,Lacerazione del tendine d'achille,01/10/2026,"l'ala offensiva dei lariani vittima della rottura tendine d'Achille, proverà a recuperare dalla seconda metà di settembre.",transfermarkt+fantacalcio.it
Torino FC,Pietro Pellegri,pellegri,,infortunato,Rottura del legamento crociato,01/10/2026,,transfermarkt
Venezia FC,Armel Bella-Kotchap,kotchap,,infortunato,Infortunio agli adduttori,06/10/2026,,transfermarkt
Udinese Calcio,Juan Arizala,arizala,,infortunato,Infortunio al bicipite femorale,06/10/2026,"il difensore fermo dal 6 settembre vittima di una lesione muscolare al bicipite femorale. Condizioni da valutare, ma dovrebbe tornare convocabile dalla prima metà di ottobre.",transfermarkt+fantacalcio.it
Genoa CFC,Elias Havel,havel,,infortunato,Problema agli adduttori,10/10/2026,,transfermarkt
SSC Napoli,Alisson Santos,santos,,infortunato,Infortunio al bicipite femorale,15/10/2026,Il brasiliano costretto al cambio il 9 settembre in Champions League vittima di una lesione muscolare di medio grado al bicipite femorale sinistro. Proverà a tornare arruolabile dalla seconda metà di ottobre.,transfermarkt+fantacalcio.it
ACF Fiorentina,Fabiano Parisi,parisi,,infortunato,Infortunio al legamento crociato,19/10/2026,,transfermarkt
Genoa CFC,Lorenzo Venturino,venturino,,infortunato,Operazione al ginocchio,30/10/2026,,transfermarkt
Parma Calcio,Hans Nicolussi Caviglia,caviglia,,infortunato,Pubalgia,02/11/2026,,transfermarkt
Juventus FC,Kenan Yıldız,yldz,,infortunato,Frattura del piede,25/11/2026,,transfermarkt
Monza,Mangas,mangas,,infortunato,,,"il cursore di fascia dei brianzoli costretto al cambio a Lecce il 13 settembre per un problema alla caviglia che andrà valutato in vista del match di venerdì, ma rischia il forfait contro il Sassuolo.",fantacalcio.it
Parma,Nicolussi Caviglia,nicolussicaviglia,,infortunato,,,"il centrocampista alle prese dalla seconda metà di luglio con una lesione di medio grado alla coscia destra, ma a fine agosto ha deciso, assieme allo staff medico ducale, di operarsi. Lungo stop e ipotesi di ritorno in campo da novembre.",fantacalcio.it
Sassuolo,Candè,cande,,infortunato,,,"il difensore a gennaio vittima della rottura legamento crociato anteriore ginocchio destro, punta a tornare convocabile dalla fine di settembre.",fantacalcio.it
