id,nome,ruolo,squadra,mv,presenze,fm,gol,assist,rig_segnati,rig_sbagliati,gol_subiti,rig_parati,ammonizioni,espulsioni,giornata,giornate_giocate,stagione,chiave
63371,Malen,A,Roma,7.38,4,12.5,6,0,0,0,0,0,1,0,5,4,2026-2027,malen
120635,Zeballos,A,Monza,7.0,1,10.0,1,0,0,0,0,0,0,0,5,4,2026-2027,zeballos
70991,Esposito,A,Sassuolo,7.0,1,10.0,1,0,0,0,0,0,0,0,5,4,2026-2027,esposito
109711,Raimondo,A,Frosinone,6.75,4,9.88,4,0,0,0,0,0,1,0,5,4,2026-2027,raimondo
63275,Thuram,A,Inter,6.83,3,9.0,2,1,0,0,0,0,0,0,5,4,2026-2027,thuram
71896,Adams,A,Torino,6.67,3,9.0,2,0,0,0,0,0,0,0,5,4,2026-2027,adams
116477,Kvernadze,A,Frosinone,6.88,4,8.75,2,1,0,0,0,0,0,0,5,4,2026-2027,kvernadze
118085,Esposito,A,Inter,6.88,4,8.75,2,1,0,0,0,0,0,0,5,4,2026-2027,esposito
111438,Soule,A,Roma,6.75,4,8.62,2,1,0,0,0,0,0,0,5,4,2026-2027,soule
118419,Diao,A,Como,6.75,4,8.62,2,1,0,0,0,0,0,0,5,4,2026-2027,diao
118290,Douvikas,A,Como,6.62,4,8.5,2,0,0,0,0,0,0,0,5,4,2026-2027,douvikas
67777,Lautaro Martinez,A,Inter,6.5,3,8.5,2,0,0,0,0,0,2,0,5,4,2026-2027,lautaromartinez
119548,Gustavo Varela,A,Monza,6.33,3,8.33,2,0,0,0,0,0,0,0,5,4,2026-2027,gustavovarela
35059,Berardi,A,Sassuolo,6.83,3,8.17,1,0,0,0,0,0,0,0,5,4,2026-2027,berardi
120541,Robinson,A,Monza,6.5,3,8.0,1,0,0,0,0,0,0,0,5,4,2026-2027,robinson
102774,Hojlund,A,Napoli,6.38,4,7.88,2,0,0,0,0,0,0,0,5,4,2026-2027,hojlund
95132,Gonzalez,A,Juventus,6.33,3,7.67,1,0,0,0,0,0,0,0,5,4,2026-2027,gonzalez
119848,Pellegrino,A,Fiorentina,6.0,4,7.62,2,0,0,0,0,0,1,0,5,4,2026-2027,pellegrino
37689,Dybala,A,Roma,7.0,4,7.5,0,4,0,0,0,0,0,0,5,4,2026-2027,dybala
111489,Bonny,A,Inter,6.33,3,7.33,1,0,0,0,0,0,0,0,5,4,2026-2027,bonny
66162,Raspadori,A,Atalanta,6.33,3,7.33,1,0,0,0,0,0,0,0,5,4,2026-2027,raspadori
96400,Goncalo Ramos,A,Milan,6.25,4,7.25,1,0,0,0,0,0,0,0,5,4,2026-2027,goncaloramos
120550,Romero,A,Parma,6.17,3,7.17,1,0,0,0,0,0,0,0,5,4,2026-2027,romero
120334,Mendy,A,Cagliari,6.38,4,7.12,1,0,0,0,0,0,0,0,5,4,2026-2027,mendy
61870,Scamacca,A,Atalanta,6.38,4,7.12,1,0,0,0,0,0,0,0,5,4,2026-2027,scamacca
118401,Gueye,A,Udinese,6.0,3,7.0,1,0,0,0,0,0,0,0,5,4,2026-2027,gueye
119040,Noslin,A,Lazio,6.0,3,7.0,1,0,0,0,0,0,0,0,5,4,2026-2027,noslin
120319,Bowie,A,Sassuolo,6.25,4,7.0,1,0,0,0,0,0,0,0,5,4,2026-2027,bowie
53582,Dovbyk,A,Bologna,6.0,3,7.0,1,0,0,0,0,0,1,0,5,4,2026-2027,dovbyk
102086,Yeboah,A,Venezia,6.12,4,6.88,1,0,0,0,0,0,0,0,5,4,2026-2027,yeboah
102766,Cancellieri,A,Lazio,6.25,4,6.88,1,0,0,0,0,0,1,0,5,4,2026-2027,cancellieri
118061,Adams,A,Venezia,6.12,4,6.88,1,0,0,0,0,0,0,0,5,4,2026-2027,adams
95769,Krstovic,A,Atalanta,6.0,4,6.88,1,0,0,0,0,0,1,0,5,4,2026-2027,krstovic
66238,Osmajic,A,Genoa,5.83,3,6.83,1,0,0,0,0,0,0,0,5,4,2026-2027,osmajic
120544,Lontani,A,Parma,5.88,4,6.75,1,0,0,0,0,0,0,0,5,4,2026-2027,lontani
111387,Beto,A,Fiorentina,6.25,2,6.5,0,1,0,0,0,0,0,0,5,4,2026-2027,beto
118054,Yildiz,A,Juventus,6.5,1,6.5,0,0,0,0,0,0,0,0,5,4,2026-2027,yildiz
120643,Sugamele,A,Cagliari,6.5,1,6.5,0,0,0,0,0,0,0,0,5,4,2026-2027,sugamele
61229,Kean,A,Como,6.33,2,6.5,0,1,0,0,0,0,0,0,5,4,2026-2027,kean
70458,Piccoli,A,Bologna,5.88,4,6.5,1,0,0,0,0,0,1,0,5,4,2026-2027,piccoli
98442,Bobcek,A,Frosinone,6.5,1,6.5,0,0,0,0,0,0,0,0,5,4,2026-2027,bobcek
46806,Boga,A,Juventus,6.33,3,6.33,0,0,0,0,0,0,0,0,5,4,2026-2027,boga
118899,Ghedjemis,A,Frosinone,6.25,2,6.25,0,0,0,0,0,0,0,0,5,4,2026-2027,ghedjemis
95435,Lauriente,A,Sassuolo,6.25,4,6.25,0,1,0,0,0,0,1,0,5,4,2026-2027,lauriente
58086,Davis,A,Udinese,6.0,3,6.17,0,2,0,0,0,0,1,0,5,4,2026-2027,davis
66187,Lang,A,Napoli,6.17,3,6.17,0,0,0,0,0,0,0,0,5,4,2026-2027,lang
116509,Fini,A,Frosinone,6.12,4,6.12,0,0,0,0,0,0,0,0,5,4,2026-2027,fini
95331,Kolo Muani,A,Juventus,6.0,4,6.12,0,1,0,0,0,0,0,0,5,4,2026-2027,kolomuani
95519,De Ketelaere,A,Atalanta,6.0,4,6.12,0,1,0,0,0,0,0,0,5,4,2026-2027,deketelaere
100862,Dany Mota,A,Monza,6.0,2,6.0,0,0,0,0,0,0,0,0,5,4,2026-2027,danymota
103090,Frigan,A,Parma,6.0,2,6.0,0,0,0,0,0,0,0,0,5,4,2026-2027,frigan
103168,Vitinha,A,Genoa,6.0,4,6.0,0,0,0,0,0,0,0,0,5,4,2026-2027,vitinha
111827,Rowe,A,Atalanta,6.0,1,6.0,0,0,0,0,0,0,0,0,5,4,2026-2027,rowe
112727,Bîrligea,A,Frosinone,6.0,2,6.0,0,0,0,0,0,0,0,0,5,4,2026-2027,birligea
114004,Albion Rrahmani,A,Venezia,6.0,3,6.0,0,0,0,0,0,0,0,0,5,4,2026-2027,albionrrahmani
118464,Forson,A,Monza,6.0,4,6.0,0,0,0,0,0,0,0,0,5,4,2026-2027,forson
51306,Cutrone,A,Monza,6.0,3,6.0,0,0,0,0,0,0,0,0,5,4,2026-2027,cutrone
95276,Geubbels,A,Lecce,6.0,2,6.0,0,0,0,0,0,0,0,0,5,4,2026-2027,geubbels
110216,Lucca,A,Napoli,5.88,4,5.88,0,0,0,0,0,0,0,0,5,4,2026-2027,lucca
95422,Toure,A,Parma,5.88,4,5.88,0,0,0,0,0,0,0,0,5,4,2026-2027,toure
97629,Stulic,A,Lecce,5.88,4,5.88,0,0,0,0,0,0,0,0,5,4,2026-2027,stulic
102693,Almqvist,A,Parma,5.83,4,5.83,0,1,0,0,0,0,1,0,5,4,2026-2027,almqvist
119063,Njie,A,Fiorentina,6.0,2,5.83,0,0,0,0,0,0,1,0,5,4,2026-2027,njie
120447,Alajbegovic,A,Juventus,5.83,3,5.83,0,0,0,0,0,0,0,0,5,4,2026-2027,alajbegovic
68893,Bayo,A,Udinese,5.83,3,5.83,0,1,0,0,0,0,1,0,5,4,2026-2027,bayo
113898,Gnonto,A,Fiorentina,5.75,2,5.75,0,0,0,0,0,0,0,0,5,4,2026-2027,gnonto
119094,Castro,A,Roma,5.75,4,5.75,0,0,0,0,0,0,0,0,5,4,2026-2027,castro
119895,Jesus Rodriguez,A,Como,5.75,2,5.75,0,0,0,0,0,0,0,0,5,4,2026-2027,jesusrodriguez
61894,David Neres,A,Napoli,5.75,2,5.75,0,0,0,0,0,0,0,0,5,4,2026-2027,davidneres
59346,Pinamonti,A,Lazio,5.67,3,5.67,0,0,0,0,0,0,0,0,5,4,2026-2027,pinamonti
119842,N’Dri,A,Lecce,5.75,4,5.62,0,0,0,0,0,0,1,0,5,4,2026-2027,ndri
60802,Simeone,A,Torino,5.62,4,5.62,0,0,0,0,0,0,0,0,5,4,2026-2027,simeone
102053,Cambiaghi,A,Bologna,5.62,4,5.5,0,0,0,0,0,0,1,0,5,4,2026-2027,cambiaghi
102065,Felici,A,Cagliari,5.5,2,5.5,0,0,0,0,0,0,0,0,5,4,2026-2027,felici
117113,Ousmane Diallo,A,Parma,5.5,1,5.5,0,0,0,0,0,0,0,0,5,4,2026-2027,ousmanediallo
119760,Dominguez,A,Sassuolo,5.5,3,5.5,0,0,0,0,0,0,0,0,5,4,2026-2027,dominguez
120522,Lauberbach,A,Venezia,5.5,3,5.5,0,0,0,0,0,0,0,0,5,4,2026-2027,lauberbach
120536,Paco Esteban,A,Lecce,5.5,1,5.5,0,0,0,0,0,0,0,0,5,4,2026-2027,pacoesteban
120610,Fatah,A,Lecce,5.5,3,5.5,0,0,0,0,0,0,0,0,5,4,2026-2027,fatah
95108,Woltemade,A,Juventus,5.5,2,5.5,0,0,0,0,0,0,0,0,5,4,2026-2027,woltemade
95480,Aboukhlal,A,Torino,5.5,2,5.5,0,0,0,0,0,0,0,0,5,4,2026-2027,aboukhlal
95684,Isaksen,A,Lazio,5.62,4,5.5,0,0,0,0,0,0,1,0,5,4,2026-2027,isaksen
103519,Kevin Carlos,A,Cagliari,5.5,2,5.25,0,0,0,0,0,0,1,0,5,4,2026-2027,kevincarlos
120320,Elphege,A,Parma,5.25,3,5.25,0,0,0,0,0,0,0,0,5,4,2026-2027,elphege
67887,Kulenovic,A,Torino,5.0,2,5.0,0,0,0,0,0,0,0,0,5,4,2026-2027,kulenovic
95165,Colombo,A,Genoa,5.62,4,5.0,0,1,0,0,0,0,0,0,5,4,2026-2027,colombo
114932,El Azzouzi,A,Bologna,5.0,1,4.5,0,0,0,0,0,0,1,0,5,4,2026-2027,elazzouzi
115299,Enem,A,Bologna,0.0,1,0.0,0,0,0,0,0,0,0,0,5,4,2026-2027,enem
118749,Camarda,A,Milan,0.0,1,0.0,0,0,0,0,0,0,0,0,5,4,2026-2027,camarda
120549,Žulevic,A,Genoa,0.0,1,0.0,0,0,0,0,0,0,0,0,5,4,2026-2027,zulevic
120553,Kulla,A,Sassuolo,0.0,1,0.0,0,0,0,0,0,0,0,0,5,4,2026-2027,kulla
120653,Oboavwoduo,A,Juventus,0.0,1,0.0,0,0,0,0,0,0,0,0,5,4,2026-2027,oboavwoduo
43622,Zapata,A,Torino,0.0,2,0.0,0,0,0,0,0,0,0,0,5,4,2026-2027,zapata
113444,Moreira,C,Milan,6.75,2,10.0,2,0,0,0,0,0,0,0,5,4,2026-2027,moreira
96934,Zhegrova,C,Juventus,6.75,3,9.75,2,0,0,0,0,0,0,0,5,4,2026-2027,zhegrova
61532,Frattesi,C,Lazio,6.88,4,9.62,3,0,0,0,0,0,0,0,5,4,2026-2027,frattesi
120530,Mastantuono,C,Fiorentina,6.75,4,9.0,3,0,0,0,0,0,0,0,5,4,2026-2027,mastantuono
42724,Calhanoglu,C,Inter,6.67,3,8.83,2,0,0,0,0,0,1,0,5,4,2026-2027,calhanoglu
116597,Pisilli,C,Roma,6.83,3,8.67,2,0,0,0,0,0,1,0,5,4,2026-2027,pisilli
117416,Adzic,C,Sassuolo,6.75,4,8.62,2,1,0,0,0,0,0,0,5,4,2026-2027,adzic
120111,Gorter,C,Lecce,6.5,2,8.5,1,0,0,0,0,0,0,0,5,4,2026-2027,gorter
73082,Maldini,C,Cagliari,6.5,4,8.5,2,0,1,0,0,0,0,0,5,4,2026-2027,maldini
95265,Coulibaly,C,Lecce,6.62,4,8.5,2,1,0,0,0,0,0,0,5,4,2026-2027,coulibaly
103455,Baturina,C,Como,6.88,4,8.38,2,1,0,0,0,0,1,0,5,4,2026-2027,baturina
66186,Ekkelenkamp,C,Udinese,6.5,4,8.38,2,1,0,0,0,0,0,0,5,4,2026-2027,ekkelenkamp
116519,Cisse,C,Milan,6.62,4,8.0,2,0,0,0,0,0,1,0,5,4,2026-2027,cisse
45456,Barella,C,Inter,7.12,4,8.0,1,1,0,0,0,0,0,0,5,4,2026-2027,barella
19157,De Bruyne,C,Napoli,6.75,4,7.88,1,1,0,0,0,0,0,0,5,4,2026-2027,debruyne
38482,Zielinski,C,Inter,6.75,4,7.88,1,1,0,0,0,0,0,0,5,4,2026-2027,zielinski
119818,Romano,C,Cagliari,6.75,4,7.75,1,0,0,0,0,0,0,0,5,4,2026-2027,romano
38053,Rabiot,C,Milan,6.5,4,7.75,1,2,0,0,0,0,0,0,5,4,2026-2027,rabiot
109651,Diouf,C,Inter,7.17,3,7.67,0,3,0,0,0,0,0,0,5,4,2026-2027,diouf
111808,Vergara,C,Napoli,6.5,3,7.5,1,1,0,0,0,0,1,0,5,4,2026-2027,vergara
116105,Paz,C,Como,6.62,4,7.5,1,1,0,0,0,0,0,0,5,4,2026-2027,paz
44090,Lobotka,C,Napoli,6.5,4,7.5,1,0,0,0,0,0,0,0,5,4,2026-2027,lobotka
61700,Gudmundsson,C,Lazio,6.17,2,7.5,1,0,0,0,0,0,0,0,5,4,2026-2027,gudmundsson
120558,Rodrigo Mora,C,Roma,6.62,4,7.38,1,0,0,0,0,0,0,0,5,4,2026-2027,rodrigomora
49183,Mandragora,C,Torino,6.62,2,7.38,1,0,0,0,0,0,0,0,5,4,2026-2027,mandragora
68771,Koopmeiners,C,Juventus,6.5,4,7.38,1,1,0,0,0,0,0,0,5,4,2026-2027,koopmeiners
112712,Ederson,C,Atalanta,6.5,4,7.25,1,0,0,0,0,0,0,0,5,4,2026-2027,ederson
115181,Hainaut,C,Venezia,6.38,4,7.25,1,1,0,0,0,0,0,0,5,4,2026-2027,hainaut
95081,Samardzic,C,Atalanta,6.25,4,7.25,1,0,0,0,0,0,0,0,5,4,2026-2027,samardzic
111630,Volpato,C,Sassuolo,6.33,3,7.17,1,0,0,0,0,0,1,0,5,4,2026-2027,volpato
95556,Karlstrom,C,Udinese,6.5,4,7.12,1,0,0,0,0,0,1,0,5,4,2026-2027,karlstrom
53448,Pulisic,C,Milan,7.0,1,7.0,0,1,0,0,0,0,1,0,5,4,2026-2027,pulisic
66512,Colpani,C,Monza,6.25,4,7.0,1,0,0,0,0,0,0,0,5,4,2026-2027,colpani
68546,Piotrowski,C,Udinese,6.33,3,7.0,1,0,0,0,0,0,2,0,5,4,2026-2027,piotrowski
69844,Chukwueze,C,Milan,6.75,4,7.0,0,2,0,0,0,0,0,0,5,4,2026-2027,chukwueze
40864,Politano,C,Napoli,6.25,4,6.88,1,0,0,0,0,0,1,0,5,4,2026-2027,politano
66457,Adopo,C,Cagliari,6.62,4,6.88,0,2,0,0,0,0,0,0,5,4,2026-2027,adopo
104526,Francisco Conceicao,C,Juventus,6.62,4,6.75,0,1,0,0,0,0,0,0,5,4,2026-2027,franciscoconceicao
43177,Zaccagni,C,Lazio,6.75,4,6.75,0,2,0,0,0,0,2,0,5,4,2026-2027,zaccagni
58637,Calo,C,Frosinone,6.62,4,6.75,0,1,0,0,0,0,0,0,5,4,2026-2027,calo
94684,Luis Milla,C,Como,6.75,4,6.75,0,0,0,0,0,0,0,0,5,4,2026-2027,luismilla
100764,Ilic,C,Lecce,6.5,3,6.67,0,2,0,0,0,0,1,0,5,4,2026-2027,ilic
111870,Fazzini,C,Cagliari,6.62,4,6.62,0,1,0,0,0,0,1,0,5,4,2026-2027,fazzini
102680,Zalewski,C,Atalanta,6.33,3,6.5,0,1,0,0,0,0,0,0,5,4,2026-2027,zalewski
110125,Masini,C,Frosinone,6.38,4,6.5,0,1,0,0,0,0,0,0,5,4,2026-2027,masini
116309,Perrone,C,Como,6.38,4,6.5,0,1,0,0,0,0,0,0,5,4,2026-2027,perrone
116835,Unai Gomez,C,Udinese,6.33,4,6.5,0,1,0,0,0,0,1,0,5,4,2026-2027,unaigomez
119493,Bakola,C,Sassuolo,6.33,3,6.5,0,1,0,0,0,0,0,0,5,4,2026-2027,bakola
119716,Dele-Bashiru,C,Lazio,6.5,1,6.5,0,0,0,0,0,0,0,0,5,4,2026-2027,delebashiru
120542,Mout,C,Monza,6.25,4,6.5,0,1,0,0,0,0,0,0,5,4,2026-2027,mout
17744,Cristante,C,Roma,6.5,4,6.5,0,0,0,0,0,0,0,0,5,4,2026-2027,cristante
95073,McKennie,C,Juventus,6.5,1,6.5,0,0,0,0,0,0,0,0,5,4,2026-2027,mckennie
102241,Taylor,C,Lazio,6.38,4,6.38,0,0,0,0,0,0,0,0,5,4,2026-2027,taylor
118992,Pierotti,C,Lecce,6.38,4,6.38,0,0,0,0,0,0,0,0,5,4,2026-2027,pierotti
119874,Cacciamani,C,Torino,6.25,4,6.38,0,1,0,0,0,0,0,0,5,4,2026-2027,cacciamani
45103,Winks,C,Cagliari,6.38,4,6.38,0,0,0,0,0,0,0,0,5,4,2026-2027,winks
73202,da Cunha,C,Como,6.38,4,6.38,0,0,0,0,0,0,0,0,5,4,2026-2027,dacunha
102896,Sucic,C,Inter,6.33,3,6.33,0,0,0,0,0,0,0,0,5,4,2026-2027,sucic
116902,Akinsanmiro,C,Monza,6.17,3,6.33,0,1,0,0,0,0,0,0,5,4,2026-2027,akinsanmiro
40264,Pasalic,C,Atalanta,6.33,4,6.33,0,0,0,0,0,0,0,0,5,4,2026-2027,pasalic
50523,Locatelli,C,Juventus,6.33,3,6.33,0,1,0,0,0,0,1,0,5,4,2026-2027,locatelli
65986,Saelemaekers,C,Milan,6.17,3,6.33,0,1,0,0,0,0,0,0,5,4,2026-2027,saelemaekers
67792,Gaetano,C,Atalanta,6.5,3,6.33,0,1,0,0,0,0,0,1,5,4,2026-2027,gaetano
101929,Musah,C,Milan,6.25,4,6.25,0,0,0,0,0,0,0,0,5,4,2026-2027,musah
102394,Luis Henrique,C,Inter,6.25,2,6.25,0,0,0,0,0,0,0,0,5,4,2026-2027,luishenrique
103752,Fagioli,C,Fiorentina,6.25,4,6.25,0,1,0,0,0,0,1,0,5,4,2026-2027,fagioli
110798,Monteiro,C,Lecce,6.25,2,6.25,0,0,0,0,0,0,0,0,5,4,2026-2027,monteiro
111005,Thorstvedt,C,Sassuolo,6.25,4,6.25,0,0,0,0,0,0,0,0,5,4,2026-2027,thorstvedt
120240,Cinquegrano,C,Sassuolo,6.25,4,6.25,0,0,0,0,0,0,0,0,5,4,2026-2027,cinquegrano
120567,Libra,C,Bologna,6.25,2,6.25,0,0,0,0,0,0,0,0,5,4,2026-2027,libra
19997,Matic,C,Sassuolo,6.25,4,6.25,0,1,0,0,0,0,1,0,5,4,2026-2027,matic
60933,Maleh,C,Lecce,6.25,4,6.25,0,0,0,0,0,0,0,0,5,4,2026-2027,maleh
62529,McTominay,C,Napoli,6.25,2,6.25,0,0,0,0,0,0,0,0,5,4,2026-2027,mctominay
70706,Rovella,C,Lazio,6.25,2,6.25,0,0,0,0,0,0,0,0,5,4,2026-2027,rovella
77814,Busio,C,Venezia,6.12,4,6.25,0,2,0,0,0,0,1,0,5,4,2026-2027,busio
115389,Belahyane,C,Lazio,6.33,3,6.17,0,0,0,0,0,0,1,0,5,4,2026-2027,belahyane
120328,Alisson Santos,C,Napoli,6.17,3,6.17,0,0,0,0,0,0,0,0,5,4,2026-2027,alissonsantos
50050,Anguissa,C,Napoli,6.17,3,6.17,0,0,0,0,0,0,0,0,5,4,2026-2027,anguissa
66359,Jones,C,Inter,6.17,3,6.17,0,0,0,0,0,0,0,0,5,4,2026-2027,jones
109703,Fitz-Jim,C,Torino,6.12,4,6.12,0,0,0,0,0,0,0,0,5,4,2026-2027,fitzjim
110784,Frendrup,C,Genoa,6.12,4,6.12,0,0,0,0,0,0,0,0,5,4,2026-2027,frendrup
116114,Gineitis,C,Torino,6.12,4,6.12,0,1,0,0,0,0,1,0,5,4,2026-2027,gineitis
116582,Ndour,C,Fiorentina,6.12,4,6.12,0,0,0,0,0,0,0,0,5,4,2026-2027,ndour
117169,Atta,C,Fiorentina,6.12,4,6.12,0,0,0,0,0,0,0,0,5,4,2026-2027,atta
16909,Modric,C,Milan,6.12,4,6.12,0,0,0,0,0,0,0,0,5,4,2026-2027,modric
39156,Bernardeschi,C,Bologna,6.12,4,6.12,0,0,0,0,0,0,0,0,5,4,2026-2027,bernardeschi
46949,Vlasic,C,Torino,6.12,4,6.12,0,0,0,0,0,0,0,0,5,4,2026-2027,vlasic
64532,Douglas Luiz,C,Juventus,6.25,4,6.12,0,0,0,0,0,0,1,0,5,4,2026-2027,douglasluiz
70392,Kone,C,Roma,6.25,4,6.12,0,0,0,0,0,0,1,0,5,4,2026-2027,kone
101863,Oier Zarraga,C,Udinese,6.0,3,6.0,0,0,0,0,0,0,0,0,5,4,2026-2027,oierzarraga
102205,Pote,C,Fiorentina,6.0,2,6.0,0,0,0,0,0,0,0,0,5,4,2026-2027,pote
102232,Daniel Braganca,C,Torino,6.0,2,6.0,0,0,0,0,0,0,0,0,5,4,2026-2027,danielbraganca
102659,Sarr,C,Juventus,6.0,1,6.0,0,0,0,0,0,0,0,0,5,4,2026-2027,sarr
102850,Baldanzi,C,Genoa,6.0,4,6.0,0,0,0,0,0,0,0,0,5,4,2026-2027,baldanzi
110520,Zerbin,C,Frosinone,6.0,3,6.0,0,0,0,0,0,0,0,0,5,4,2026-2027,zerbin
110634,Ellertsson,C,Genoa,6.0,4,6.0,0,0,0,0,0,0,0,0,5,4,2026-2027,ellertsson
112219,Ilkhan,C,Torino,6.0,2,6.0,0,0,0,0,0,0,0,0,5,4,2026-2027,ilkhan
112387,Hutchinson,C,Milan,6.0,1,6.0,0,0,0,0,0,0,0,0,5,4,2026-2027,hutchinson
115133,Berisha,C,Lecce,6.0,1,6.0,0,0,0,0,0,0,0,0,5,4,2026-2027,berisha
115142,Fabbian,C,Parma,6.0,2,6.0,0,0,0,0,0,0,0,0,5,4,2026-2027,fabbian
115169,Sulemana,C,Sassuolo,6.0,1,6.0,0,0,0,0,0,0,0,0,5,4,2026-2027,sulemana
115754,Jashari,C,Milan,6.0,3,6.0,0,0,0,0,0,0,0,0,5,4,2026-2027,jashari
117489,Fadera,C,Cagliari,6.0,3,6.0,0,0,0,0,0,0,0,0,5,4,2026-2027,fadera
118353,Cremaschi,C,Parma,6.0,2,6.0,0,0,0,0,0,0,0,0,5,4,2026-2027,cremaschi
119755,Liberali,C,Como,6.0,2,6.0,0,0,0,0,0,0,0,0,5,4,2026-2027,liberali
119901,Ordonez,C,Parma,6.0,3,6.0,0,0,0,0,0,0,0,0,5,4,2026-2027,ordonez
120322,Alex Amorim,C,Genoa,6.12,4,6.0,0,0,0,0,0,0,1,0,5,4,2026-2027,alexamorim
120430,Inao Oulai,C,Fiorentina,6.0,3,6.0,0,0,0,0,0,0,0,0,5,4,2026-2027,inaooulai
120442,Meichtry,C,Genoa,6.0,4,6.0,0,0,0,0,0,0,0,0,5,4,2026-2027,meichtry
120500,Foe Ondoa,C,Monza,6.0,2,6.0,0,0,0,0,0,0,0,0,5,4,2026-2027,foeondoa
17758,El Shaarawy,C,Genoa,6.0,1,6.0,0,0,0,0,0,0,0,0,5,4,2026-2027,elshaarawy
36130,de Roon,C,Roma,6.0,2,6.0,0,0,0,0,0,0,0,0,5,4,2026-2027,deroon
38964,Gagliardini,C,Cagliari,6.0,1,6.0,0,0,0,0,0,0,0,0,5,4,2026-2027,gagliardini
49768,Loftus-Cheek,C,Milan,6.12,4,6.0,0,0,0,0,0,0,1,0,5,4,2026-2027,loftuscheek
50707,Kessie,C,Atalanta,6.0,2,6.0,0,0,0,0,0,0,0,0,5,4,2026-2027,kessie
51334,Basic,C,Venezia,6.0,2,6.0,0,0,0,0,0,0,0,0,5,4,2026-2027,basic
52254,Moro,C,Bologna,6.0,3,6.0,0,0,0,0,0,0,0,0,5,4,2026-2027,moro
52468,Orsolini,C,Bologna,6.0,2,6.0,0,0,0,0,0,0,0,0,5,4,2026-2027,orsolini
53045,Sierro,C,Parma,6.0,2,6.0,0,0,0,0,0,0,0,0,5,4,2026-2027,sierro
54189,Sow,C,Genoa,6.0,4,6.0,0,1,0,0,0,0,1,0,5,4,2026-2027,sow
60968,Pobega,C,Bologna,6.0,3,6.0,0,0,0,0,0,0,0,0,5,4,2026-2027,pobega
61639,Zaniolo,C,Udinese,6.0,1,6.0,0,0,0,0,0,0,0,0,5,4,2026-2027,zaniolo
64560,Junior Messias,C,Genoa,6.0,4,6.0,0,0,0,0,0,0,0,0,5,4,2026-2027,juniormessias
67761,Brescianini,C,Fiorentina,6.0,4,6.0,0,0,0,0,0,0,0,0,5,4,2026-2027,brescianini
71361,Ghion,C,Sassuolo,6.0,1,6.0,0,0,0,0,0,0,0,0,5,4,2026-2027,ghion
71942,Gilmour,C,Napoli,6.0,2,6.0,0,0,0,0,0,0,0,0,5,4,2026-2027,gilmour
94911,Adrian Bernabe,C,Parma,6.0,3,6.0,0,0,0,0,0,0,0,0,5,4,2026-2027,adrianbernabe
96525,Ferguson,C,Bologna,6.0,4,6.0,0,0,0,0,0,0,0,0,5,4,2026-2027,ferguson
97355,Helgason,C,Venezia,6.0,1,6.0,0,0,0,0,0,0,0,0,5,4,2026-2027,helgason
118111,Keita,C,Parma,6.0,4,5.88,0,0,0,0,0,0,1,0,5,4,2026-2027,keita
120280,Ngom,C,Lecce,6.0,4,5.88,0,0,0,0,0,0,1,0,5,4,2026-2027,ngom
40467,Deiola,C,Cagliari,6.12,4,5.88,0,0,0,0,0,0,2,0,5,4,2026-2027,deiola
102118,Folorunsho,C,Monza,6.0,3,5.83,0,0,0,0,0,0,1,0,5,4,2026-2027,folorunsho
69380,Caqueret,C,Como,6.0,4,5.83,0,0,0,0,0,0,1,0,5,4,2026-2027,caqueret
116026,Lipani,C,Sassuolo,6.0,3,5.75,0,0,0,0,0,0,1,0,5,4,2026-2027,lipani
118972,Hasa,C,Frosinone,5.75,2,5.75,0,0,0,0,0,0,0,0,5,4,2026-2027,hasa
120220,Konate,C,Parma,6.0,2,5.75,0,0,0,0,0,0,1,0,5,4,2026-2027,konate
120507,Cichella,C,Frosinone,5.75,2,5.75,0,0,0,0,0,0,0,0,5,4,2026-2027,cichella
53662,Elmas,C,Atalanta,5.75,3,5.75,0,0,0,0,0,0,0,0,5,4,2026-2027,elmas
120434,Amondarain,C,Bologna,5.83,3,5.67,0,0,0,0,0,0,1,0,5,4,2026-2027,amondarain
102014,Odgaard,C,Bologna,5.75,4,5.62,0,0,0,0,0,0,1,0,5,4,2026-2027,odgaard
120119,Miller,C,Udinese,5.75,4,5.62,0,0,0,0,0,0,1,0,5,4,2026-2027,miller
59311,Schmid,C,Frosinone,5.75,4,5.62,0,1,0,0,0,0,2,0,5,4,2026-2027,schmid
94761,Kike Perez,C,Venezia,5.75,4,5.62,0,0,0,0,0,0,1,0,5,4,2026-2027,kikeperez
113110,Casadei,C,Torino,5.5,1,5.5,0,0,0,0,0,0,0,0,5,4,2026-2027,casadei
120516,Dagasso,C,Venezia,6.0,1,5.5,0,0,0,0,0,0,1,0,5,4,2026-2027,dagasso
120639,Toni Fernandez,C,Venezia,5.5,2,5.5,0,0,0,0,0,0,0,0,5,4,2026-2027,tonifernandez
20517,Mkhitaryan,C,Inter,6.0,1,5.5,0,0,0,0,0,0,1,0,5,4,2026-2027,mkhitaryan
60867,Chakvetadze,C,Udinese,5.5,1,5.5,0,0,0,0,0,0,0,0,5,4,2026-2027,chakvetadze
102496,Sohm,C,Venezia,5.5,3,5.17,0,0,0,0,0,0,2,0,5,4,2026-2027,sohm
115836,Colombo,C,Monza,5.5,1,5.0,0,0,0,0,0,0,1,0,5,4,2026-2027,colombo
103077,Ciervo,C,Cagliari,0.0,1,0.0,0,0,0,0,0,0,0,0,5,4,2026-2027,ciervo
115525,Stankovic,C,Inter,0.0,2,0.0,0,0,0,0,0,0,0,0,5,4,2026-2027,stankovic
118183,Kaba,C,Lecce,0.0,1,0.0,0,0,0,0,0,0,0,0,5,4,2026-2027,kaba
119754,Mbangula,C,Bologna,0.0,2,0.0,0,0,0,0,0,0,0,0,5,4,2026-2027,mbangula
120276,Gandelman,C,Lecce,0.0,1,0.0,0,0,0,0,0,0,0,0,5,4,2026-2027,gandelman
51864,Grillitsch,C,Frosinone,0.0,1,0.0,0,0,0,0,0,0,0,0,5,4,2026-2027,grillitsch
52556,Lovric,C,Udinese,0.0,1,0.0,0,0,0,0,0,0,0,0,5,4,2026-2027,lovric
69264,Ricci,C,Como,0.0,2,0.0,0,0,0,0,0,0,0,0,5,4,2026-2027,ricci
110166,Gatti,D,Juventus,6.5,1,9.5,1,0,0,0,0,0,1,0,5,4,2026-2027,gatti
115158,Odenthal,D,Sassuolo,6.5,1,9.5,1,0,0,0,0,0,0,0,5,4,2026-2027,odenthal
102058,Carlos Augusto,D,Inter,6.75,2,8.5,1,1,0,0,0,0,0,0,5,4,2026-2027,carlosaugusto
120438,Kaiki,D,Como,6.5,2,8.5,1,0,0,0,0,0,0,0,5,4,2026-2027,kaiki
56975,Kamara,D,Udinese,6.75,4,8.38,2,1,0,0,0,0,0,0,5,4,2026-2027,kamara
117151,Bisseck,D,Inter,6.75,3,8.25,1,0,0,0,0,0,0,0,5,4,2026-2027,bisseck
119838,Tiago Gabriel,D,Lecce,6.62,4,8.12,2,0,0,0,0,0,0,0,5,4,2026-2027,tiagogabriel
114323,Doig,D,Sassuolo,6.75,4,7.5,1,0,0,0,0,0,0,0,5,4,2026-2027,doig
115463,Favasuli,D,Napoli,7.0,1,7.5,0,1,0,0,0,0,0,0,5,4,2026-2027,favasuli
119724,Sagrado,D,Venezia,6.0,3,7.5,1,0,0,0,0,0,0,0,5,4,2026-2027,sagrado
110535,Ricardo Mangas,D,Monza,6.38,4,7.38,1,2,0,0,0,0,0,0,5,4,2026-2027,ricardomangas
63346,Mario Hermoso,D,Roma,6.88,4,7.38,1,0,0,0,0,0,2,0,5,4,2026-2027,mariohermoso
67789,Bremer,D,Juventus,6.38,4,7.38,1,0,0,0,0,0,0,0,5,4,2026-2027,bremer
119152,Jacobo Ramon,D,Como,6.5,4,7.25,1,0,0,0,0,0,0,0,5,4,2026-2027,jacoboramon
115179,Bracaglia,D,Frosinone,6.5,4,7.12,1,1,0,0,0,0,2,0,5,4,2026-2027,bracaglia
118201,Comuzzo,D,Torino,6.25,4,7.0,1,0,0,0,0,0,0,0,5,4,2026-2027,comuzzo
49438,Mancini,D,Roma,6.88,4,7.0,0,1,0,0,0,0,0,0,5,4,2026-2027,mancini
115130,Abankwah,D,Udinese,6.25,4,6.88,1,0,0,0,0,0,1,0,5,4,2026-2027,abankwah
113511,Doekhi,D,Lazio,6.67,3,6.83,0,1,0,0,0,0,0,0,5,4,2026-2027,doekhi
115890,Alex Valle,D,Como,6.67,3,6.83,0,1,0,0,0,0,0,0,5,4,2026-2027,alexvalle
119945,Wesley,D,Roma,6.67,3,6.83,0,1,0,0,0,0,0,0,5,4,2026-2027,wesley
49778,Dimarco,D,Inter,6.62,4,6.75,0,1,0,0,0,0,0,0,5,4,2026-2027,dimarco
110625,Obert,D,Cagliari,6.62,4,6.62,0,0,0,0,0,0,0,0,5,4,2026-2027,obert
113048,Oyono,D,Frosinone,6.62,4,6.62,0,1,0,0,0,0,1,0,5,4,2026-2027,oyono
51495,Rrahmani,D,Napoli,6.5,4,6.62,0,1,0,0,0,0,0,0,5,4,2026-2027,rrahmani
51611,Akanji,D,Inter,6.5,4,6.5,0,1,0,0,0,0,1,0,5,4,2026-2027,akanji
67743,Ndicka,D,Roma,6.5,2,6.5,0,0,0,0,0,0,0,0,5,4,2026-2027,ndicka
72863,Nuno Tavares,D,Lazio,6.38,4,6.5,0,1,0,0,0,0,0,0,5,4,2026-2027,nunotavares
94914,Yan Couto,D,Como,6.38,4,6.5,0,1,0,0,0,0,0,0,5,4,2026-2027,yancouto
101889,Kalulu,D,Juventus,6.38,4,6.38,0,0,0,0,0,0,0,0,5,4,2026-2027,kalulu
120128,Lulli,D,Roma,6.38,4,6.38,0,0,0,0,0,0,0,0,5,4,2026-2027,lulli
61306,Bastoni,D,Inter,6.38,4,6.38,0,0,0,0,0,0,0,0,5,4,2026-2027,bastoni
101890,Molina,D,Roma,6.33,3,6.33,0,0,0,0,0,0,0,0,5,4,2026-2027,molina
43014,Zappacosta,D,Atalanta,6.33,3,6.33,0,0,0,0,0,0,0,0,5,4,2026-2027,zappacosta
54144,Comert,D,Torino,6.17,3,6.33,0,1,0,0,0,0,0,0,5,4,2026-2027,comert
66177,Juan Miranda,D,Bologna,6.17,3,6.33,0,1,0,0,0,0,0,0,5,4,2026-2027,juanmiranda
95318,Chalobah,D,Como,6.33,3,6.33,0,0,0,0,0,0,0,0,5,4,2026-2027,chalobah
102806,De Winter,D,Milan,6.38,4,6.25,0,0,0,0,0,0,1,0,5,4,2026-2027,dewinter
110692,Vasquez,D,Genoa,5.62,4,6.25,1,0,0,0,0,0,1,0,5,4,2026-2027,vasquez
119654,Rodriguez,D,Cagliari,6.25,4,6.25,0,0,0,0,0,0,0,0,5,4,2026-2027,rodriguez
120286,Helland,D,Bologna,6.25,2,6.25,0,0,0,0,0,0,0,0,5,4,2026-2027,helland
20809,Di Lorenzo,D,Napoli,6.25,4,6.25,0,1,0,0,0,0,1,0,5,4,2026-2027,dilorenzo
61216,Birindelli,D,Monza,6.12,4,6.25,0,1,0,0,0,0,0,0,5,4,2026-2027,birindelli
66280,Celik,D,Juventus,6.38,4,6.25,0,0,0,0,0,0,1,0,5,4,2026-2027,celik
95361,Balerdi,D,Roma,6.25,2,6.25,0,0,0,0,0,0,0,0,5,4,2026-2027,balerdi
118586,Alex Jimenez,D,Fiorentina,6.17,3,6.17,0,1,0,0,0,0,1,0,5,4,2026-2027,alexjimenez
59174,Estupinan,D,Milan,6.33,4,6.17,0,0,0,0,0,0,1,0,5,4,2026-2027,estupinan
102886,Scalvini,D,Atalanta,6.12,4,6.12,0,0,0,0,0,0,0,0,5,4,2026-2027,scalvini
111607,Floriani Mussolini,D,Lazio,6.25,4,6.12,0,0,0,0,0,0,1,0,5,4,2026-2027,florianimussolini
112395,Cittadini,D,Frosinone,6.25,4,6.12,0,0,0,0,0,0,1,0,5,4,2026-2027,cittadini
116659,Leysen,D,Sassuolo,6.12,4,6.12,0,1,0,0,0,0,1,0,5,4,2026-2027,leysen
120138,Siebert,D,Lecce,6.25,4,6.12,0,0,0,0,0,0,1,0,5,4,2026-2027,siebert
26211,Spinazzola,D,Napoli,6.12,4,6.12,0,0,0,0,0,0,0,0,5,4,2026-2027,spinazzola
71540,Vojvoda,D,Udinese,6.12,4,6.12,0,0,0,0,0,0,0,0,5,4,2026-2027,vojvoda
102062,Valeri,D,Parma,6.0,4,6.0,0,0,0,0,0,0,0,0,5,4,2026-2027,valeri
102450,Bernasconi,D,Atalanta,6.0,2,6.0,0,0,0,0,0,0,0,0,5,4,2026-2027,bernasconi
102945,Dragusin,D,Fiorentina,6.0,4,6.0,0,1,0,0,0,0,1,0,5,4,2026-2027,dragusin
110749,Theate,D,Bologna,6.0,2,6.0,0,0,0,0,0,0,0,0,5,4,2026-2027,theate
111845,Ze Pedro,D,Cagliari,6.12,4,6.0,0,0,0,0,0,0,1,0,5,4,2026-2027,zepedro
111873,Rafa Marin,D,Napoli,6.12,4,6.0,0,0,0,0,0,0,1,0,5,4,2026-2027,rafamarin
112625,Mario Gila,D,Milan,6.12,4,6.0,0,0,0,0,0,0,1,0,5,4,2026-2027,mariogila
118068,Ghilardi,D,Roma,6.0,2,6.0,0,0,0,0,0,0,0,0,5,4,2026-2027,ghilardi
118223,Bartesaghi,D,Milan,6.0,2,6.0,0,0,0,0,0,0,0,0,5,4,2026-2027,bartesaghi
119515,Fortini,D,Torino,6.0,4,6.0,0,0,0,0,0,0,0,0,5,4,2026-2027,fortini
119839,Danilo Veiga,D,Lecce,6.12,4,6.0,0,1,0,0,0,0,2,0,5,4,2026-2027,daniloveiga
119843,Provstgaard Nielsen,D,Lazio,6.12,4,6.0,0,0,0,0,0,0,1,0,5,4,2026-2027,provstgaardnielsen
120135,Belghali,D,Torino,5.75,2,6.0,0,1,0,0,0,0,0,0,5,4,2026-2027,belghali
120283,Drobnic,D,Parma,6.0,1,6.0,0,0,0,0,0,0,0,0,5,4,2026-2027,drobnic
120428,Viery,D,Fiorentina,6.0,3,6.0,0,0,0,0,0,0,0,0,5,4,2026-2027,viery
120431,Koulierakis,D,Roma,6.0,1,6.0,0,0,0,0,0,0,0,0,5,4,2026-2027,koulierakis
17403,Rodriguez,D,Torino,6.0,1,6.0,0,0,0,0,0,0,0,0,5,4,2026-2027,rodriguez
17861,Juan Jesus,D,Venezia,6.0,1,6.0,0,0,0,0,0,0,0,0,5,4,2026-2027,juanjesus
35198,Sabelli,D,Genoa,6.0,1,6.0,0,0,0,0,0,0,1,0,5,4,2026-2027,sabelli
38177,Haps,D,Venezia,6.0,4,6.0,0,1,0,0,0,0,1,0,5,4,2026-2027,haps
49976,Pavard,D,Inter,6.0,2,6.0,0,0,0,0,0,0,0,0,5,4,2026-2027,pavard
50622,Alfonso Pedraza,D,Lazio,6.0,3,6.0,0,0,0,0,0,0,0,0,5,4,2026-2027,alfonsopedraza
63096,Marusic,D,Lazio,6.0,1,6.0,0,0,0,0,0,0,0,0,5,4,2026-2027,marusic
64713,Ranieri,D,Fiorentina,6.0,2,6.0,0,0,0,0,0,0,0,0,5,4,2026-2027,ranieri
69407,Gallo,D,Lecce,6.0,3,6.0,0,0,0,0,0,0,0,0,5,4,2026-2027,gallo
76574,Zortea,D,Bologna,6.0,2,6.0,0,0,0,0,0,0,0,0,5,4,2026-2027,zortea
95128,Kempf,D,Como,6.0,2,6.0,0,0,0,0,0,0,0,0,5,4,2026-2027,kempf
95516,Kossounou,D,Atalanta,6.0,4,6.0,0,0,0,0,0,0,0,0,5,4,2026-2027,kossounou
95957,Franjic,D,Venezia,6.0,2,6.0,0,0,0,0,0,0,0,0,5,4,2026-2027,franjic
98169,Holm,D,Bologna,6.12,4,6.0,0,0,0,0,0,0,1,0,5,4,2026-2027,holm
117029,Saul Coco,D,Torino,5.88,4,5.88,0,0,0,0,0,0,0,0,5,4,2026-2027,saulcoco
119765,Kouadio,D,Monza,6.0,4,5.88,0,0,0,0,0,0,1,0,5,4,2026-2027,kouadio
70846,Pavlovic,D,Milan,6.12,4,5.88,0,0,0,0,0,0,2,0,5,4,2026-2027,pavlovic
78237,Monterisi,D,Frosinone,5.88,4,5.88,0,0,0,0,0,0,0,0,5,4,2026-2027,monterisi
95264,Ebosse,D,Udinese,5.88,4,5.88,0,0,0,0,0,0,0,0,5,4,2026-2027,ebosse
110366,Bella-Kotchap,D,Venezia,5.83,3,5.83,0,0,0,0,0,0,0,0,5,4,2026-2027,bellakotchap
39584,Stones,D,Inter,5.83,3,5.83,0,0,0,0,0,0,0,0,5,4,2026-2027,stones
58739,Ismajli,D,Torino,5.83,3,5.83,0,0,0,0,0,0,0,0,5,4,2026-2027,ismajli
65752,Solet,D,Udinese,5.83,3,5.83,0,0,0,0,0,0,0,0,5,4,2026-2027,solet
119948,Ndaba,D,Lecce,5.75,2,5.75,0,0,0,0,0,0,0,0,5,4,2026-2027,ndaba
120429,Valde,D,Fiorentina,5.75,3,5.75,0,0,0,0,0,0,0,0,5,4,2026-2027,valde
120499,Bakoune,D,Monza,5.75,3,5.75,0,0,0,0,0,0,0,0,5,4,2026-2027,bakoune
120604,Alhassane,D,Bologna,5.75,2,5.75,0,0,0,0,0,0,0,0,5,4,2026-2027,alhassane
49392,Ehizibue,D,Genoa,6.0,2,5.75,0,0,0,0,0,0,1,0,5,4,2026-2027,ehizibue
64709,Olivera,D,Napoli,5.75,3,5.75,0,0,0,0,0,0,0,0,5,4,2026-2027,olivera
66418,Delprato,D,Parma,5.88,4,5.75,0,0,0,0,0,0,1,0,5,4,2026-2027,delprato
94722,Rafa Obrador,D,Sassuolo,5.75,2,5.75,0,0,0,0,0,0,0,0,5,4,2026-2027,rafaobrador
95196,Carboni,D,Monza,5.75,4,5.75,0,0,0,0,0,0,0,0,5,4,2026-2027,carboni
95701,Joao Mario,D,Fiorentina,5.75,3,5.75,0,0,0,0,0,0,0,0,5,4,2026-2027,joaomario
115107,Kofler,D,Cagliari,5.67,3,5.67,0,0,0,0,0,0,0,0,5,4,2026-2027,kofler
117802,Idzes,D,Sassuolo,5.83,3,5.67,0,0,0,0,0,0,1,0,5,4,2026-2027,idzes
120151,Britschgi,D,Parma,5.67,3,5.67,0,0,0,0,0,0,0,0,5,4,2026-2027,britschgi
70142,Thierry Correia,D,Venezia,5.67,3,5.67,0,0,0,0,0,0,0,0,5,4,2026-2027,thierrycorreia
71322,Kelly,D,Juventus,5.67,3,5.67,0,0,0,0,0,0,0,0,5,4,2026-2027,kelly
115833,Calvani,D,Frosinone,5.88,4,5.62,0,0,0,0,0,0,2,0,5,4,2026-2027,calvani
117727,Marcandalli,D,Genoa,5.62,4,5.62,0,0,0,0,0,0,0,0,5,4,2026-2027,marcandalli
118057,Lucchesi,D,Monza,5.88,4,5.62,0,0,0,0,0,0,2,0,5,4,2026-2027,lucchesi
120136,Troilo,D,Parma,5.75,4,5.62,0,0,0,0,0,0,1,0,5,4,2026-2027,troilo
17350,Kolasinac,D,Atalanta,5.62,4,5.62,0,0,0,0,0,0,0,0,5,4,2026-2027,kolasinac
102393,Valenti,D,Parma,5.5,1,5.5,0,0,0,0,0,0,0,0,5,4,2026-2027,valenti
106152,Ndiaye,D,Parma,5.5,1,5.5,0,0,0,0,0,0,0,0,5,4,2026-2027,ndiaye
119561,Palma,D,Udinese,5.5,1,5.5,0,0,0,0,0,0,0,0,5,4,2026-2027,palma
119711,Kialonda Gaspar,D,Lecce,5.83,3,5.5,0,0,0,0,0,0,2,0,5,4,2026-2027,kialondagaspar
119821,Otoa,D,Genoa,5.5,1,5.5,0,0,0,0,0,0,0,0,5,4,2026-2027,otoa
119841,Smolcic,D,Como,5.5,2,5.5,0,0,0,0,0,0,0,0,5,4,2026-2027,smolcic
37476,Kabasele,D,Udinese,5.5,2,5.5,0,0,0,0,0,0,0,0,5,4,2026-2027,kabasele
50946,Diego Carlos,D,Parma,5.5,2,5.5,0,0,0,0,0,0,0,0,5,4,2026-2027,diegocarlos
59671,Lazzari,D,Lazio,5.5,2,5.5,0,0,0,0,0,0,0,0,5,4,2026-2027,lazzari
62553,Gabbia,D,Milan,5.5,2,5.5,0,0,0,0,0,0,0,0,5,4,2026-2027,gabbia
63203,Pongracic,D,Fiorentina,5.5,2,5.5,0,0,0,0,0,0,0,0,5,4,2026-2027,pongracic
63462,Terzic,D,Frosinone,5.5,2,5.5,0,0,0,0,0,0,0,0,5,4,2026-2027,terzic
65433,Bellanova,D,Atalanta,5.67,3,5.5,0,0,0,0,0,0,1,0,5,4,2026-2027,bellanova
65906,Dodô,D,Fiorentina,5.5,1,5.5,0,0,0,0,0,0,0,0,5,4,2026-2027,dodo
69996,Badiashile,D,Napoli,5.5,1,5.5,0,0,0,0,0,0,0,0,5,4,2026-2027,badiashile
71550,Sugawara,D,Cagliari,5.5,1,5.5,0,0,0,0,0,0,0,0,5,4,2026-2027,sugawara
95960,Sutalo,D,Lazio,5.5,1,5.5,0,0,0,0,0,0,0,0,5,4,2026-2027,sutalo
98928,Patterson,D,Torino,5.5,1,5.5,0,0,0,0,0,0,0,0,5,4,2026-2027,patterson
105359,Heggem,D,Bologna,5.5,4,5.38,0,0,0,0,0,0,1,0,5,4,2026-2027,heggem
109914,Bertola,D,Udinese,5.5,3,5.33,0,0,0,0,0,0,1,0,5,4,2026-2027,bertola
109993,Østigård,D,Genoa,5.62,4,5.25,0,0,0,0,0,0,3,0,5,4,2026-2027,stigard
119759,Schingtienne,D,Venezia,5.5,4,5.25,0,0,0,0,0,0,2,0,5,4,2026-2027,schingtienne
119769,Moreno,D,Venezia,5.5,2,5.25,0,0,0,0,0,0,1,0,5,4,2026-2027,moreno
68545,Lucumi,D,Juventus,5.5,3,5.17,0,0,0,0,0,0,2,0,5,4,2026-2027,lucumi
102281,Cambiaso,D,Juventus,5.5,2,5.0,0,0,0,0,0,0,1,0,5,4,2026-2027,cambiaso
111487,Halhal,D,Venezia,5.25,2,4.0,0,0,0,0,0,0,1,0,5,4,2026-2027,halhal
101933,Rensch,D,Roma,0.0,1,0.0,0,0,0,0,0,0,0,0,5,4,2026-2027,rensch
109534,Amey,D,Frosinone,0.0,1,0.0,0,0,0,0,0,0,0,0,5,4,2026-2027,amey
120232,Maye,D,Monza,0.0,1,0.0,0,0,0,0,0,0,0,0,5,4,2026-2027,maye
120272,Arizala,D,Udinese,0.0,1,0.0,0,0,0,0,0,0,0,0,5,4,2026-2027,arizala
43291,Caleta-Car,D,Sassuolo,0.0,1,0.0,0,0,0,0,0,0,0,0,5,4,2026-2027,caletacar
69271,Diogo Leite,D,Lazio,0.0,1,0.0,0,0,0,0,0,0,0,0,5,4,2026-2027,diogoleite
95212,Terracciano,D,Milan,0.0,1,0.0,0,0,0,0,0,0,0,0,5,4,2026-2027,terracciano
95257,Aurelio,D,Cagliari,0.0,1,0.0,0,0,0,0,0,0,0,0,5,4,2026-2027,aurelio
44633,Milinkovic-Savic,P,Napoli,6.5,1,7.5,0,0,0,0,0,0,0,0,5,4,2026-2027,milinkovicsavic
60457,Svilar,P,Roma,6.62,4,7.12,0,0,0,0,0,0,0,0,5,4,2026-2027,svilar
69665,Caprile,P,Cagliari,6.75,4,6.75,0,0,0,0,0,0,0,0,5,4,2026-2027,caprile
118319,Mandas,P,Lazio,6.75,4,6.5,0,0,0,0,0,0,0,0,5,4,2026-2027,mandas
45335,Vicario,P,Juventus,6.25,4,5.75,0,0,0,0,0,0,0,0,5,4,2026-2027,vicario
70334,Carnesecchi,P,Atalanta,6.75,4,5.75,0,0,0,0,0,0,0,0,5,4,2026-2027,carnesecchi
110653,Palmisani,P,Frosinone,6.25,4,5.5,0,0,0,0,0,0,0,0,5,4,2026-2027,palmisani
42646,Maignan,P,Milan,6.25,4,5.5,0,0,0,0,0,0,0,0,5,4,2026-2027,maignan
94809,Robert Sanchez,P,Como,6.5,1,5.5,0,0,0,0,0,0,0,0,5,4,2026-2027,robertsanchez
95090,Josep Martinez,P,Inter,6.62,4,5.38,0,0,0,0,0,0,0,0,5,4,2026-2027,josepmartinez
98983,Butez,P,Como,6.33,3,5.33,0,0,0,0,0,0,0,0,5,4,2026-2027,butez
119794,Pessina,P,Bologna,6.0,1,5.0,0,0,0,0,0,0,0,0,5,4,2026-2027,pessina
38409,Falcone,P,Lecce,6.62,4,5.0,0,0,0,0,0,0,1,0,5,4,2026-2027,falcone
49089,Meret,P,Napoli,6.33,3,5.0,0,0,0,0,0,0,0,0,5,4,2026-2027,meret
118370,Lucas Perri,P,Torino,6.25,2,4.75,0,0,0,0,0,0,0,0,5,4,2026-2027,lucasperri
94916,Muric,P,Sassuolo,6.5,4,4.75,0,0,0,0,0,0,0,0,5,4,2026-2027,muric
38871,Skorupski,P,Bologna,6.0,3,4.67,0,0,0,0,0,0,0,0,5,4,2026-2027,skorupski
73141,Corvi,P,Parma,6.12,4,4.62,0,0,0,0,0,0,0,0,5,4,2026-2027,corvi
118649,Mascardi,P,Torino,6.25,2,4.25,0,0,0,0,0,0,0,0,5,4,2026-2027,mascardi
59898,Bijlow,P,Genoa,6.12,4,4.12,0,0,0,0,0,0,0,0,5,4,2026-2027,bijlow
77144,Okoye,P,Udinese,6.38,4,3.88,0,0,0,0,0,0,0,0,5,4,2026-2027,okoye
102651,Stankovic,P,Venezia,6.25,4,3.5,0,0,0,0,0,0,0,0,5,4,2026-2027,stankovic
61406,Thiam,P,Monza,5.83,3,3.5,0,0,0,0,0,0,0,0,5,4,2026-2027,thiam
16631,David de Gea,P,Fiorentina,6.0,4,3.25,0,0,0,0,0,0,0,0,5,4,2026-2027,daviddegea
