id,nome,chiave,ruolo,squadra,modulo,allenatore,titolare,giornata_testo
61406,Thiam D.,thiam,P,Monza,5-3-1,Juric,1,venerdì 18 settembre 2026 - ore 20:45
120499,Bakoune A.,bakoune,D,Monza,5-3-1,Juric,1,venerdì 18 settembre 2026 - ore 20:45
61216,Birindelli S.,birindelli,D,Monza,5-3-1,Juric,1,venerdì 18 settembre 2026 - ore 20:45
95196,Carboni A.,carboni,D,Monza,5-3-1,Juric,1,venerdì 18 settembre 2026 - ore 20:45
119765,Kouadio E.,kouadio,D,Monza,5-3-1,Juric,1,venerdì 18 settembre 2026 - ore 20:45
118057,Lucchesi L.,lucchesi,D,Monza,5-3-1,Juric,1,venerdì 18 settembre 2026 - ore 20:45
116902,Akinsanmiro E.,akinsanmiro,C,Monza,5-3-1,Juric,1,venerdì 18 settembre 2026 - ore 20:45
66512,Colpani A.,colpani,C,Monza,5-3-1,Juric,1,venerdì 18 settembre 2026 - ore 20:45
102118,Folorunsho M.,folorunsho,C,Monza,5-3-1,Juric,1,venerdì 18 settembre 2026 - ore 20:45
119548,Gustavo Varela,gustavovarela,A,Monza,5-3-1,Juric,1,venerdì 18 settembre 2026 - ore 20:45
94916,Muric A.,muric,P,Sassuolo,2-4-3,Aquilani,1,venerdì 18 settembre 2026 - ore 20:45
114323,Doig J.,doig,D,Sassuolo,2-4-3,Aquilani,1,venerdì 18 settembre 2026 - ore 20:45
116659,Leysen F.,leysen,D,Sassuolo,2-4-3,Aquilani,1,venerdì 18 settembre 2026 - ore 20:45
117416,Adzic V.,adzic,C,Sassuolo,2-4-3,Aquilani,1,venerdì 18 settembre 2026 - ore 20:45
119493,Bakola D.,bakola,C,Sassuolo,2-4-3,Aquilani,1,venerdì 18 settembre 2026 - ore 20:45
120240,Cinquegrano S.,cinquegrano,C,Sassuolo,2-4-3,Aquilani,1,venerdì 18 settembre 2026 - ore 20:45
19997,Matic N.,matic,C,Sassuolo,2-4-3,Aquilani,1,venerdì 18 settembre 2026 - ore 20:45
35059,Berardi D.,berardi,A,Sassuolo,2-4-3,Aquilani,1,venerdì 18 settembre 2026 - ore 20:45
120319,Bowie K.,bowie,A,Sassuolo,2-4-3,Aquilani,1,venerdì 18 settembre 2026 - ore 20:45
95435,Lauriente A.,lauriente,A,Sassuolo,2-4-3,Aquilani,1,venerdì 18 settembre 2026 - ore 20:45
77144,Okoye M.,okoye,P,Udinese,5-3-1,Runjaic,1,sabato 19 settembre 2026 - ore 15:00
115130,Abankwah J.,abankwah,D,Udinese,5-3-1,Runjaic,1,sabato 19 settembre 2026 - ore 15:00
95264,Ebosse E.,ebosse,D,Udinese,5-3-1,Runjaic,1,sabato 19 settembre 2026 - ore 15:00
37476,Kabasele C.,kabasele,D,Udinese,5-3-1,Runjaic,1,sabato 19 settembre 2026 - ore 15:00
56975,Kamara H.,kamara,D,Udinese,5-3-1,Runjaic,1,sabato 19 settembre 2026 - ore 15:00
71540,Vojvoda M.,vojvoda,D,Udinese,5-3-1,Runjaic,1,sabato 19 settembre 2026 - ore 15:00
66186,Ekkelenkamp J.,ekkelenkamp,C,Udinese,5-3-1,Runjaic,1,sabato 19 settembre 2026 - ore 15:00
95556,Karlstrom J.,karlstrom,C,Udinese,5-3-1,Runjaic,1,sabato 19 settembre 2026 - ore 15:00
116835,Unai Gomez,unaigomez,C,Udinese,5-3-1,Runjaic,1,sabato 19 settembre 2026 - ore 15:00
58086,Davis K.,davis,A,Udinese,5-3-1,Runjaic,1,sabato 19 settembre 2026 - ore 15:00
69665,Caprile E.,caprile,P,Cagliari,2-6-1,Pisacane,1,sabato 19 settembre 2026 - ore 15:00
110625,Obert A.,obert,D,Cagliari,2-6-1,Pisacane,1,sabato 19 settembre 2026 - ore 15:00
119654,Rodriguez J.,rodriguez,D,Cagliari,2-6-1,Pisacane,1,sabato 19 settembre 2026 - ore 15:00
66457,Adopo M.,adopo,C,Cagliari,2-6-1,Pisacane,1,sabato 19 settembre 2026 - ore 15:00
40467,Deiola A.,deiola,C,Cagliari,2-6-1,Pisacane,1,sabato 19 settembre 2026 - ore 15:00
111870,Fazzini J.,fazzini,C,Cagliari,2-6-1,Pisacane,1,sabato 19 settembre 2026 - ore 15:00
73082,Maldini D.,maldini,C,Cagliari,2-6-1,Pisacane,1,sabato 19 settembre 2026 - ore 15:00
119818,Romano A.,romano,C,Cagliari,2-6-1,Pisacane,1,sabato 19 settembre 2026 - ore 15:00
45103,Winks H.,winks,C,Cagliari,2-6-1,Pisacane,1,sabato 19 settembre 2026 - ore 15:00
120334,Mendy P.,mendy,A,Cagliari,2-6-1,Pisacane,1,sabato 19 settembre 2026 - ore 15:00
38871,Skorupski L.,skorupski,P,Bologna,4-3-2,Tedesco,1,sabato 19 settembre 2026 - ore 15:00
105359,Heggem T.,heggem,D,Bologna,4-3-2,Tedesco,1,sabato 19 settembre 2026 - ore 15:00
98169,Holm E.,holm,D,Bologna,4-3-2,Tedesco,1,sabato 19 settembre 2026 - ore 15:00
66177,Juan Miranda,juanmiranda,D,Bologna,4-3-2,Tedesco,1,sabato 19 settembre 2026 - ore 15:00
110749,Theate A.,theate,D,Bologna,4-3-2,Tedesco,1,sabato 19 settembre 2026 - ore 15:00
39156,Bernardeschi F.,bernardeschi,C,Bologna,4-3-2,Tedesco,1,sabato 19 settembre 2026 - ore 15:00
96525,Ferguson L.,ferguson,C,Bologna,4-3-2,Tedesco,1,sabato 19 settembre 2026 - ore 15:00
60968,Pobega T.,pobega,C,Bologna,4-3-2,Tedesco,1,sabato 19 settembre 2026 - ore 15:00
102053,Cambiaghi N.,cambiaghi,A,Bologna,4-3-2,Tedesco,1,sabato 19 settembre 2026 - ore 15:00
70458,Piccoli R.,piccoli,A,Bologna,4-3-2,Tedesco,1,sabato 19 settembre 2026 - ore 15:00
54144,Comert E.,comert,D,Torino,3-4-1,Abate,1,sabato 19 settembre 2026 - ore 15:00
118201,Comuzzo P.,comuzzo,D,Torino,3-4-1,Abate,1,sabato 19 settembre 2026 - ore 15:00
117029,Saul Coco,saulcoco,D,Torino,3-4-1,Abate,1,sabato 19 settembre 2026 - ore 15:00
119874,Cacciamani A.,cacciamani,C,Torino,3-4-1,Abate,1,sabato 19 settembre 2026 - ore 15:00
109703,Fitz-Jim K.,fitzjim,C,Torino,3-4-1,Abate,1,sabato 19 settembre 2026 - ore 15:00
116114,Gineitis G.,gineitis,C,Torino,3-4-1,Abate,1,sabato 19 settembre 2026 - ore 15:00
46949,Vlasic N.,vlasic,C,Torino,3-4-1,Abate,1,sabato 19 settembre 2026 - ore 15:00
60802,Simeone G.,simeone,A,Torino,3-4-1,Abate,1,sabato 19 settembre 2026 - ore 15:00
60457,Svilar M.,svilar,P,Roma,4-2-3,Gasperini,1,sabato 19 settembre 2026 - ore 18:00
120128,Lulli E.,lulli,D,Roma,4-2-3,Gasperini,1,sabato 19 settembre 2026 - ore 18:00
49438,Mancini G.,mancini,D,Roma,4-2-3,Gasperini,1,sabato 19 settembre 2026 - ore 18:00
63346,Mario Hermoso,mariohermoso,D,Roma,4-2-3,Gasperini,1,sabato 19 settembre 2026 - ore 18:00
119945,Wesley,wesley,D,Roma,4-2-3,Gasperini,1,sabato 19 settembre 2026 - ore 18:00
17744,Cristante B.,cristante,C,Roma,4-2-3,Gasperini,1,sabato 19 settembre 2026 - ore 18:00
70392,Kone M.,kone,C,Roma,4-2-3,Gasperini,1,sabato 19 settembre 2026 - ore 18:00
37689,Dybala P.,dybala,A,Roma,4-2-3,Gasperini,1,sabato 19 settembre 2026 - ore 18:00
63371,Malen D.,malen,A,Roma,4-2-3,Gasperini,1,sabato 19 settembre 2026 - ore 18:00
111438,Soule M.,soule,A,Roma,4-2-3,Gasperini,1,sabato 19 settembre 2026 - ore 18:00
95090,Josep Martinez,josepmartinez,P,Inter,4-3-2,Chivu,1,sabato 19 settembre 2026 - ore 18:00
51611,Akanji M.,akanji,D,Inter,4-3-2,Chivu,1,sabato 19 settembre 2026 - ore 18:00
61306,Bastoni A.,bastoni,D,Inter,4-3-2,Chivu,1,sabato 19 settembre 2026 - ore 18:00
117151,Bisseck Y.,bisseck,D,Inter,4-3-2,Chivu,1,sabato 19 settembre 2026 - ore 18:00
49778,Dimarco F.,dimarco,D,Inter,4-3-2,Chivu,1,sabato 19 settembre 2026 - ore 18:00
45456,Barella N.,barella,C,Inter,4-3-2,Chivu,1,sabato 19 settembre 2026 - ore 18:00
109651,Diouf A.,diouf,C,Inter,4-3-2,Chivu,1,sabato 19 settembre 2026 - ore 18:00
38482,Zielinski P.,zielinski,C,Inter,4-3-2,Chivu,1,sabato 19 settembre 2026 - ore 18:00
67777,Lautaro Martinez,lautaromartinez,A,Inter,4-3-2,Chivu,1,sabato 19 settembre 2026 - ore 18:00
63275,Thuram M.,thuram,A,Inter,4-3-2,Chivu,1,sabato 19 settembre 2026 - ore 18:00
102651,Stankovic F.,stankovic,P,Venezia,3-2-2,Stroppa,1,sabato 19 settembre 2026 - ore 20:45
111487,Halhal R.,halhal,D,Venezia,3-2-2,Stroppa,1,sabato 19 settembre 2026 - ore 20:45
38177,Haps R.,haps,D,Venezia,3-2-2,Stroppa,1,sabato 19 settembre 2026 - ore 20:45
119759,Schingtienne J.,schingtienne,D,Venezia,3-2-2,Stroppa,1,sabato 19 settembre 2026 - ore 20:45
115181,Hainaut A.,hainaut,C,Venezia,3-2-2,Stroppa,1,sabato 19 settembre 2026 - ore 20:45
94761,Kike Perez,kikeperez,C,Venezia,3-2-2,Stroppa,1,sabato 19 settembre 2026 - ore 20:45
118061,Adams A.,adams,A,Venezia,3-2-2,Stroppa,1,sabato 19 settembre 2026 - ore 20:45
102086,Yeboah J.,yeboah,A,Venezia,3-2-2,Stroppa,1,sabato 19 settembre 2026 - ore 20:45
118319,Mandas C.,mandas,P,Lazio,3-4-2,Gattuso,1,sabato 19 settembre 2026 - ore 20:45
111607,Floriani Mussolini R.,florianimussolini,D,Lazio,3-4-2,Gattuso,1,sabato 19 settembre 2026 - ore 20:45
72863,Nuno Tavares,nunotavares,D,Lazio,3-4-2,Gattuso,1,sabato 19 settembre 2026 - ore 20:45
119843,Provstgaard Nielsen O.,provstgaardnielsen,D,Lazio,3-4-2,Gattuso,1,sabato 19 settembre 2026 - ore 20:45
115389,Belahyane R.,belahyane,C,Lazio,3-4-2,Gattuso,1,sabato 19 settembre 2026 - ore 20:45
61532,Frattesi D.,frattesi,C,Lazio,3-4-2,Gattuso,1,sabato 19 settembre 2026 - ore 20:45
102241,Taylor K.,taylor,C,Lazio,3-4-2,Gattuso,1,sabato 19 settembre 2026 - ore 20:45
43177,Zaccagni M.,zaccagni,C,Lazio,3-4-2,Gattuso,1,sabato 19 settembre 2026 - ore 20:45
102766,Cancellieri M.,cancellieri,A,Lazio,3-4-2,Gattuso,1,sabato 19 settembre 2026 - ore 20:45
59346,Pinamonti A.,pinamonti,A,Lazio,3-4-2,Gattuso,1,sabato 19 settembre 2026 - ore 20:45
16631,David de Gea,daviddegea,P,Fiorentina,4-4-0,,1,domenica 20 settembre 2026 - ore 12:30
118586,Alex Jimenez,alexjimenez,D,Fiorentina,4-4-0,,1,domenica 20 settembre 2026 - ore 12:30
102945,Dragusin R.,dragusin,D,Fiorentina,4-4-0,,1,domenica 20 settembre 2026 - ore 12:30
64713,Ranieri L.,ranieri,D,Fiorentina,4-4-0,,1,domenica 20 settembre 2026 - ore 12:30
120428,Viery,viery,D,Fiorentina,4-4-0,,1,domenica 20 settembre 2026 - ore 12:30
117169,Atta A.,atta,C,Fiorentina,4-4-0,,1,domenica 20 settembre 2026 - ore 12:30
103752,Fagioli N.,fagioli,C,Fiorentina,4-4-0,,1,domenica 20 settembre 2026 - ore 12:30
120530,Mastantuono F.,mastantuono,C,Fiorentina,4-4-0,,1,domenica 20 settembre 2026 - ore 12:30
116582,Ndour C.,ndour,C,Fiorentina,4-4-0,,1,domenica 20 settembre 2026 - ore 12:30
44633,Milinkovic-Savic V.,milinkovicsavic,P,Napoli,4-4-1,Allegri,1,domenica 20 settembre 2026 - ore 12:30
111260,Beukema S.,beukema,D,Napoli,4-4-1,Allegri,1,domenica 20 settembre 2026 - ore 12:30
20809,Di Lorenzo G.,dilorenzo,D,Napoli,4-4-1,Allegri,1,domenica 20 settembre 2026 - ore 12:30
111873,Rafa Marin,rafamarin,D,Napoli,4-4-1,Allegri,1,domenica 20 settembre 2026 - ore 12:30
26211,Spinazzola L.,spinazzola,D,Napoli,4-4-1,Allegri,1,domenica 20 settembre 2026 - ore 12:30
19157,De Bruyne K.,debruyne,C,Napoli,4-4-1,Allegri,1,domenica 20 settembre 2026 - ore 12:30
71942,Gilmour B.,gilmour,C,Napoli,4-4-1,Allegri,1,domenica 20 settembre 2026 - ore 12:30
44090,Lobotka S.,lobotka,C,Napoli,4-4-1,Allegri,1,domenica 20 settembre 2026 - ore 12:30
40864,Politano M.,politano,C,Napoli,4-4-1,Allegri,1,domenica 20 settembre 2026 - ore 12:30
102774,Hojlund R.,hojlund,A,Napoli,4-4-1,Allegri,1,domenica 20 settembre 2026 - ore 12:30
73141,Corvi E.,corvi,P,Parma,4-2-2,Carlos Cuesta,1,domenica 20 settembre 2026 - ore 15:00
120151,Britschgi S.,britschgi,D,Parma,4-2-2,Carlos Cuesta,1,domenica 20 settembre 2026 - ore 15:00
66418,Delprato E.,delprato,D,Parma,4-2-2,Carlos Cuesta,1,domenica 20 settembre 2026 - ore 15:00
120136,Troilo M.,troilo,D,Parma,4-2-2,Carlos Cuesta,1,domenica 20 settembre 2026 - ore 15:00
102062,Valeri E.,valeri,D,Parma,4-2-2,Carlos Cuesta,1,domenica 20 settembre 2026 - ore 15:00
94911,Adrian Bernabe,adrianbernabe,C,Parma,4-2-2,Carlos Cuesta,1,domenica 20 settembre 2026 - ore 15:00
118111,Keita M.,keita,C,Parma,4-2-2,Carlos Cuesta,1,domenica 20 settembre 2026 - ore 15:00
120544,Lontani S.,lontani,A,Parma,4-2-2,Carlos Cuesta,1,domenica 20 settembre 2026 - ore 15:00
120550,Romero D.,romero,A,Parma,4-2-2,Carlos Cuesta,1,domenica 20 settembre 2026 - ore 15:00
59898,Bijlow J.,bijlow,P,Genoa,2-4-1,De Rossi,1,domenica 20 settembre 2026 - ore 15:00
117727,Marcandalli A.,marcandalli,D,Genoa,2-4-1,De Rossi,1,domenica 20 settembre 2026 - ore 15:00
109993,Østigård L.,stigard,D,Genoa,2-4-1,De Rossi,1,domenica 20 settembre 2026 - ore 15:00
102850,Baldanzi T.,baldanzi,C,Genoa,2-4-1,De Rossi,1,domenica 20 settembre 2026 - ore 15:00
110634,Ellertsson M.,ellertsson,C,Genoa,2-4-1,De Rossi,1,domenica 20 settembre 2026 - ore 15:00
110784,Frendrup M.,frendrup,C,Genoa,2-4-1,De Rossi,1,domenica 20 settembre 2026 - ore 15:00
54189,Sow D.,sow,C,Genoa,2-4-1,De Rossi,1,domenica 20 settembre 2026 - ore 15:00
95165,Colombo L.,colombo,A,Genoa,2-4-1,De Rossi,1,domenica 20 settembre 2026 - ore 15:00
110653,Palmisani L.,palmisani,P,Frosinone,3-4-3,Alvini,1,domenica 20 settembre 2026 - ore 15:00
115179,Bracaglia G.,bracaglia,D,Frosinone,3-4-3,Alvini,1,domenica 20 settembre 2026 - ore 15:00
112395,Cittadini G.,cittadini,D,Frosinone,3-4-3,Alvini,1,domenica 20 settembre 2026 - ore 15:00
113048,Oyono A.,oyono,D,Frosinone,3-4-3,Alvini,1,domenica 20 settembre 2026 - ore 15:00
58637,Calo G.,calo,C,Frosinone,3-4-3,Alvini,1,domenica 20 settembre 2026 - ore 15:00
51864,Grillitsch F.,grillitsch,C,Frosinone,3-4-3,Alvini,1,domenica 20 settembre 2026 - ore 15:00
110125,Masini P.,masini,C,Frosinone,3-4-3,Alvini,1,domenica 20 settembre 2026 - ore 15:00
59311,Schmid R.,schmid,C,Frosinone,3-4-3,Alvini,1,domenica 20 settembre 2026 - ore 15:00
118899,Ghedjemis F.,ghedjemis,A,Frosinone,3-4-3,Alvini,1,domenica 20 settembre 2026 - ore 15:00
116477,Kvernadze G.,kvernadze,A,Frosinone,3-4-3,Alvini,1,domenica 20 settembre 2026 - ore 15:00
109711,Raimondo A.,raimondo,A,Frosinone,3-4-3,Alvini,1,domenica 20 settembre 2026 - ore 15:00
45335,Vicario G.,vicario,P,Juventus,4-3-3,Spalletti,1,domenica 20 settembre 2026 - ore 18:00
67789,Bremer,bremer,D,Juventus,4-3-3,Spalletti,1,domenica 20 settembre 2026 - ore 18:00
66280,Celik Z.,celik,D,Juventus,4-3-3,Spalletti,1,domenica 20 settembre 2026 - ore 18:00
101889,Kalulu P.,kalulu,D,Juventus,4-3-3,Spalletti,1,domenica 20 settembre 2026 - ore 18:00
68545,Lucumi J.,lucumi,D,Juventus,4-3-3,Spalletti,1,domenica 20 settembre 2026 - ore 18:00
64532,Douglas Luiz,douglasluiz,C,Juventus,4-3-3,Spalletti,1,domenica 20 settembre 2026 - ore 18:00
104526,Francisco Conceicao,franciscoconceicao,C,Juventus,4-3-3,Spalletti,1,domenica 20 settembre 2026 - ore 18:00
68771,Koopmeiners T.,koopmeiners,C,Juventus,4-3-3,Spalletti,1,domenica 20 settembre 2026 - ore 18:00
120447,Alajbegovic K.,alajbegovic,A,Juventus,4-3-3,Spalletti,1,domenica 20 settembre 2026 - ore 18:00
95132,Gonzalez N.,gonzalez,A,Juventus,4-3-3,Spalletti,1,domenica 20 settembre 2026 - ore 18:00
95331,Kolo Muani R.,kolomuani,A,Juventus,4-3-3,Spalletti,1,domenica 20 settembre 2026 - ore 18:00
70334,Carnesecchi M.,carnesecchi,P,Atalanta,4-3-2,Sarri,1,domenica 20 settembre 2026 - ore 18:00
65433,Bellanova R.,bellanova,D,Atalanta,4-3-2,Sarri,1,domenica 20 settembre 2026 - ore 18:00
17350,Kolasinac S.,kolasinac,D,Atalanta,4-3-2,Sarri,1,domenica 20 settembre 2026 - ore 18:00
95516,Kossounou O.,kossounou,D,Atalanta,4-3-2,Sarri,1,domenica 20 settembre 2026 - ore 18:00
102886,Scalvini G.,scalvini,D,Atalanta,4-3-2,Sarri,1,domenica 20 settembre 2026 - ore 18:00
112712,Ederson,ederson,C,Atalanta,4-3-2,Sarri,1,domenica 20 settembre 2026 - ore 18:00
67792,Gaetano G.,gaetano,C,Atalanta,4-3-2,Sarri,1,domenica 20 settembre 2026 - ore 18:00
95081,Samardzic L.,samardzic,C,Atalanta,4-3-2,Sarri,1,domenica 20 settembre 2026 - ore 18:00
95519,De Ketelaere C.,deketelaere,A,Atalanta,4-3-2,Sarri,1,domenica 20 settembre 2026 - ore 18:00
61870,Scamacca G.,scamacca,A,Atalanta,4-3-2,Sarri,1,domenica 20 settembre 2026 - ore 18:00
42646,Maignan M.,maignan,P,Milan,3-5-1,Ruben Amorim,1,domenica 20 settembre 2026 - ore 20:45
102806,De Winter K.,dewinter,D,Milan,3-5-1,Ruben Amorim,1,domenica 20 settembre 2026 - ore 20:45
112625,Mario Gila,mariogila,D,Milan,3-5-1,Ruben Amorim,1,domenica 20 settembre 2026 - ore 20:45
70846,Pavlovic S.,pavlovic,D,Milan,3-5-1,Ruben Amorim,1,domenica 20 settembre 2026 - ore 20:45
69844,Chukwueze S.,chukwueze,C,Milan,3-5-1,Ruben Amorim,1,domenica 20 settembre 2026 - ore 20:45
116519,Cisse A.,cisse,C,Milan,3-5-1,Ruben Amorim,1,domenica 20 settembre 2026 - ore 20:45
16909,Modric L.,modric,C,Milan,3-5-1,Ruben Amorim,1,domenica 20 settembre 2026 - ore 20:45
53448,Pulisic C.,pulisic,C,Milan,3-5-1,Ruben Amorim,1,domenica 20 settembre 2026 - ore 20:45
38053,Rabiot A.,rabiot,C,Milan,3-5-1,Ruben Amorim,1,domenica 20 settembre 2026 - ore 20:45
96400,Goncalo Ramos,goncaloramos,A,Milan,3-5-1,Ruben Amorim,1,domenica 20 settembre 2026 - ore 20:45
38409,Falcone W.,falcone,P,Lecce,4-3-1,Di Francesco,1,domenica 20 settembre 2026 - ore 20:45
119839,Danilo Veiga,daniloveiga,D,Lecce,4-3-1,Di Francesco,1,domenica 20 settembre 2026 - ore 20:45
69407,Gallo A.,gallo,D,Lecce,4-3-1,Di Francesco,1,domenica 20 settembre 2026 - ore 20:45
120138,Siebert J.,siebert,D,Lecce,4-3-1,Di Francesco,1,domenica 20 settembre 2026 - ore 20:45
119838,Tiago Gabriel,tiagogabriel,D,Lecce,4-3-1,Di Francesco,1,domenica 20 settembre 2026 - ore 20:45
95265,Coulibaly L.,coulibaly,C,Lecce,4-3-1,Di Francesco,1,domenica 20 settembre 2026 - ore 20:45
60933,Maleh Y.,maleh,C,Lecce,4-3-1,Di Francesco,1,domenica 20 settembre 2026 - ore 20:45
118992,Pierotti S.,pierotti,C,Lecce,4-3-1,Di Francesco,1,domenica 20 settembre 2026 - ore 20:45
97629,Stulic N.,stulic,A,Lecce,4-3-1,Di Francesco,1,domenica 20 settembre 2026 - ore 20:45
