id,nome,partite,da_titolare,subentrato,sostituito,pct_titolare
63371,Malen,4,4,0,4,1.0
120635,Zeballos,1,0,1,0,0.0
70991,Esposito,1,1,0,1,0.25
109711,Raimondo,4,4,0,3,1.0
63275,Thuram,3,1,2,1,0.25
71896,Adams,3,2,1,1,0.5
116477,Kvernadze,4,4,0,1,1.0
118085,Esposito,4,4,0,2,1.0
111438,Soule,4,2,2,2,0.5
118419,Diao,4,3,1,3,0.75
118290,Douvikas,4,3,1,1,0.75
67777,Lautaro Martinez,3,3,0,1,0.75
119548,Gustavo Varela,3,3,0,2,0.75
35059,Berardi,3,1,2,1,0.25
120541,Robinson,3,2,1,2,0.5
102774,Hojlund,4,4,0,4,1.0
95132,Gonzalez,3,2,1,2,0.5
119848,Pellegrino,4,3,1,1,0.75
37689,Dybala,4,4,0,3,1.0
111489,Bonny,3,0,3,0,0.0
66162,Raspadori,3,2,1,2,0.5
96400,Goncalo Ramos,4,4,0,1,1.0
120550,Romero,3,1,2,1,0.25
120334,Mendy,4,4,0,4,1.0
61870,Scamacca,4,4,0,4,1.0
118401,Gueye,3,1,2,1,0.25
119040,Noslin,3,1,2,1,0.25
120319,Bowie,4,3,1,2,0.75
53582,Dovbyk,3,0,3,0,0.0
102086,Yeboah,4,3,1,2,0.75
102766,Cancellieri,4,3,1,3,0.75
118061,Adams,4,4,0,1,1.0
95769,Krstovic,4,0,4,0,0.0
66238,Osmajic,3,2,1,0,0.5
120544,Lontani,4,3,1,3,0.75
111387,Beto,2,1,1,1,0.25
118054,Yildiz,1,1,0,1,0.25
120643,Sugamele,1,0,1,0,0.0
61229,Kean,3,1,2,1,0.25
70458,Piccoli,4,4,0,3,1.0
98442,Bobcek,1,0,1,0,0.0
46806,Boga,3,1,2,1,0.25
118899,Ghedjemis,2,1,1,1,0.25
95435,Lauriente,4,4,0,0,1.0
58086,Davis,3,3,0,3,0.75
66187,Lang,3,1,2,1,0.25
116509,Fini,4,3,1,3,0.75
95331,Kolo Muani,4,4,0,0,1.0
95519,De Ketelaere,4,3,1,1,0.75
100862,Dany Mota,2,1,1,1,0.25
103090,Frigan,2,0,2,0,0.0
103168,Vitinha,4,2,2,1,0.5
111827,Rowe,2,1,1,0,0.25
112727,Bîrligea,2,0,2,0,0.0
114004,Albion Rrahmani,3,1,2,1,0.25
118464,Forson,4,1,3,1,0.25
51306,Cutrone,3,1,2,0,0.25
95276,Geubbels,2,2,0,2,0.5
110216,Lucca,4,0,4,0,0.0
95422,Toure,4,4,0,2,1.0
97629,Stulic,4,2,2,1,0.5
102693,Almqvist,4,0,4,0,0.0
119063,Njie,3,2,1,2,0.5
120447,Alajbegovic,3,2,1,2,0.5
68893,Bayo,3,0,3,0,0.0
113898,Gnonto,2,0,2,0,0.0
119094,Castro,4,0,4,0,0.0
119895,Jesus Rodriguez,2,1,1,1,0.25
61894,David Neres,2,0,2,0,0.0
59346,Pinamonti,3,1,2,1,0.25
119842,N’Dri,4,2,2,2,0.5
60802,Simeone,4,3,1,2,0.75
102053,Cambiaghi,4,4,0,3,1.0
102065,Felici,2,0,2,1,0.0
117113,Ousmane Diallo,1,0,1,0,0.0
119760,Dominguez,3,0,3,0,0.0
120522,Lauberbach,3,0,3,0,0.0
120536,Paco Esteban,1,0,1,0,0.0
120610,Fatah,3,0,3,0,0.0
95108,Woltemade,2,0,2,0,0.0
95480,Aboukhlal,2,0,2,0,0.0
95684,Isaksen,4,1,3,1,0.25
103519,Kevin Carlos,2,0,2,0,0.0
120320,Elphege,3,1,2,1,0.25
67887,Kulenovic,2,0,2,0,0.0
95165,Colombo,4,4,0,3,1.0
114932,El Azzouzi,1,1,0,1,0.25
115299,Enem,1,0,1,0,0.0
118749,Camarda,1,0,1,0,0.0
120549,Žulevic,1,0,1,0,0.0
120553,Kulla,1,0,1,0,0.0
120653,Oboavwoduo,1,0,1,0,0.0
43622,Zapata,2,0,2,0,0.0
113444,Moreira,2,1,1,1,0.25
96934,Zhegrova,3,0,3,0,0.0
61532,Frattesi,4,3,1,1,0.75
120530,Mastantuono,4,4,0,3,1.0
42724,Calhanoglu,3,2,1,2,0.5
116597,Pisilli,3,1,2,0,0.25
117416,Adzic,4,3,1,3,0.75
120111,Gorter,2,2,0,2,0.5
73082,Maldini,4,4,0,4,1.0
95265,Coulibaly,4,4,0,0,1.0
103455,Baturina,4,4,0,4,1.0
66186,Ekkelenkamp,4,4,0,2,1.0
116519,Cisse,4,3,1,3,0.75
45456,Barella,4,4,0,0,1.0
19157,De Bruyne,4,1,3,1,0.25
38482,Zielinski,4,3,1,3,0.75
119818,Romano,4,4,0,0,1.0
38053,Rabiot,4,2,2,1,0.5
109651,Diouf,3,3,0,1,0.75
111808,Vergara,3,2,1,2,0.5
116105,Paz,4,4,0,4,1.0
44090,Lobotka,4,4,0,1,1.0
61700,Gudmundsson,3,1,2,1,0.25
120558,Rodrigo Mora,4,2,2,2,0.5
49183,Mandragora,4,2,2,1,0.5
68771,Koopmeiners,4,1,3,1,0.25
112712,Ederson,4,4,0,2,1.0
115181,Hainaut,4,4,0,1,1.0
95081,Samardzic,4,2,2,2,0.5
111630,Volpato,3,3,0,3,0.75
95556,Karlstrom,4,4,0,0,1.0
53448,Pulisic,1,0,1,0,0.0
66512,Colpani,4,3,1,3,0.75
68546,Piotrowski,3,3,0,3,0.75
69844,Chukwueze,4,3,1,0,0.75
40864,Politano,4,4,0,3,1.0
66457,Adopo,4,4,0,0,1.0
104526,Francisco Conceicao,4,4,0,4,1.0
43177,Zaccagni,4,4,0,1,1.0
58637,Calo,4,4,0,2,1.0
94684,Luis Milla,4,2,2,0,0.5
100764,Ilic,3,2,1,2,0.5
111870,Fazzini,4,4,0,4,1.0
102680,Zalewski,3,1,2,1,0.25
110125,Masini,4,3,1,0,0.75
116309,Perrone,4,3,1,1,0.75
116835,Unai Gomez,4,3,1,3,0.75
119493,Bakola,3,2,1,0,0.5
119716,Dele-Bashiru,1,1,0,1,0.25
120542,Mout,4,2,2,2,0.5
17744,Cristante,4,4,0,1,1.0
95073,McKennie,1,1,0,0,0.25
102241,Taylor,4,4,0,1,1.0
118992,Pierotti,4,3,1,3,0.75
119874,Cacciamani,4,3,1,2,0.75
45103,Winks,4,4,0,1,1.0
73202,da Cunha,4,3,1,3,0.75
102896,Sucic,3,2,1,2,0.5
116902,Akinsanmiro,3,2,1,1,0.5
40264,Pasalic,4,2,2,1,0.5
50523,Locatelli,3,3,0,0,0.75
65986,Saelemaekers,3,1,2,1,0.25
67792,Gaetano,3,3,0,0,0.75
101929,Musah,4,3,1,0,0.75
102394,Luis Henrique,2,1,1,1,0.25
103752,Fagioli,4,3,1,1,0.75
110798,Monteiro,2,2,0,2,0.5
111005,Thorstvedt,4,1,3,1,0.25
120240,Cinquegrano,4,4,0,0,1.0
120567,Libra,2,0,2,0,0.0
19997,Matic,4,4,0,3,1.0
60933,Maleh,4,1,3,1,0.25
62529,McTominay,2,2,0,1,0.5
70706,Rovella,2,2,0,1,0.5
77814,Busio,4,4,0,1,1.0
115389,Belahyane,3,2,1,0,0.5
120328,Alisson Santos,3,2,1,2,0.5
50050,Anguissa,3,3,0,2,0.75
66359,Jones,3,0,3,0,0.0
109703,Fitz-Jim,4,4,0,1,1.0
110784,Frendrup,4,4,0,0,1.0
116114,Gineitis,4,4,0,3,1.0
116582,Ndour,4,3,1,1,0.75
117169,Atta,4,3,1,2,0.75
16909,Modric,4,3,1,3,0.75
39156,Bernardeschi,4,3,1,2,0.75
46949,Vlasic,4,4,0,0,1.0
64532,Douglas Luiz,4,4,0,2,1.0
70392,Kone,4,3,1,2,0.75
101863,Oier Zarraga,3,0,3,0,0.0
102205,Pote,2,0,2,0,0.0
102232,Daniel Braganca,2,0,2,0,0.0
102659,Sarr,1,0,1,0,0.0
102850,Baldanzi,4,4,0,4,1.0
110520,Zerbin,3,0,3,0,0.0
110634,Ellertsson,4,4,0,1,1.0
112219,Ilkhan,2,0,2,0,0.0
112387,Hutchinson,1,0,1,0,0.0
115133,Berisha,1,0,1,0,0.0
115142,Fabbian,2,1,1,1,0.25
115169,Sulemana,1,0,1,0,0.0
115754,Jashari,3,1,2,1,0.25
117489,Fadera,3,0,3,0,0.0
118353,Cremaschi,2,0,2,0,0.0
119755,Liberali,2,0,2,0,0.0
119901,Ordonez,3,3,0,2,0.75
120322,Alex Amorim,4,1,3,1,0.25
120430,Inao Oulai,3,2,1,2,0.5
120442,Meichtry,4,0,4,0,0.0
120500,Foe Ondoa,2,2,0,1,0.5
17758,El Shaarawy,1,0,1,0,0.0
36130,de Roon,2,0,2,0,0.0
38964,Gagliardini,1,0,1,0,0.0
49768,Loftus-Cheek,4,3,1,3,0.75
50707,Kessie,2,1,1,1,0.25
51334,Basic,2,2,0,2,0.5
52254,Moro,3,0,3,0,0.0
52468,Orsolini,2,1,1,2,0.25
53045,Sierro,2,1,1,1,0.25
54189,Sow,4,3,1,3,0.75
60968,Pobega,3,3,0,3,0.75
61639,Zaniolo,1,1,0,1,0.25
64560,Junior Messias,4,0,4,0,0.0
67761,Brescianini,4,2,2,2,0.5
71361,Ghion,1,0,1,0,0.0
71942,Gilmour,2,1,1,0,0.25
94911,Adrian Bernabe,3,2,1,2,0.5
96525,Ferguson,4,4,0,0,1.0
97355,Helgason,1,0,1,0,0.0
118111,Keita,4,4,0,1,1.0
120280,Ngom,4,3,1,2,0.75
40467,Deiola,4,4,0,1,1.0
102118,Folorunsho,3,2,1,0,0.5
69380,Caqueret,4,0,4,0,0.0
116026,Lipani,3,2,1,2,0.5
118972,Hasa,2,0,2,0,0.0
120220,Konate,2,1,1,1,0.25
120507,Cichella,2,1,1,1,0.25
53662,Elmas,3,1,2,1,0.25
120434,Amondarain,3,1,2,1,0.25
102014,Odgaard,4,3,1,2,0.75
120119,Miller,4,1,3,1,0.25
59311,Schmid,4,4,0,3,1.0
94761,Kike Perez,4,4,0,2,1.0
113110,Casadei,1,1,0,1,0.25
120516,Dagasso,1,0,1,0,0.0
120639,Toni Fernandez,2,0,2,0,0.0
20517,Mkhitaryan,1,1,0,1,0.25
60867,Chakvetadze,1,0,1,0,0.0
102496,Sohm,3,2,1,2,0.5
115836,Colombo,1,0,1,0,0.0
103077,Ciervo,2,0,2,0,0.0
115525,Stankovic,2,0,2,0,0.0
118183,Kaba,1,0,1,0,0.0
119754,Mbangula,2,0,2,0,0.0
120276,Gandelman,1,0,1,0,0.0
51864,Grillitsch,1,0,1,0,0.0
52556,Lovric,1,0,1,0,0.0
69264,Ricci,2,0,2,0,0.0
110166,Gatti,1,0,1,0,0.0
115158,Odenthal,1,1,0,0,0.25
102058,Carlos Augusto,2,1,1,0,0.25
120438,Kaiki,2,1,1,0,0.25
56975,Kamara,4,4,0,0,1.0
117151,Bisseck,3,2,1,0,0.5
119838,Tiago Gabriel,4,3,1,1,0.75
114323,Doig,4,4,0,2,1.0
115463,Favasuli,1,0,1,0,0.0
119724,Sagrado,3,1,2,1,0.25
110535,Ricardo Mangas,4,4,0,1,1.0
63346,Mario Hermoso,4,4,0,1,1.0
67789,Bremer,4,4,0,0,1.0
119152,Jacobo Ramon,4,4,0,0,1.0
115179,Bracaglia,4,4,0,2,1.0
118201,Comuzzo,4,4,0,2,1.0
49438,Mancini,4,4,0,1,1.0
115130,Abankwah,4,4,0,1,1.0
113511,Doekhi,3,3,0,0,0.75
115890,Alex Valle,3,3,0,0,0.75
119945,Wesley,3,3,0,1,0.75
49778,Dimarco,4,3,1,1,0.75
110625,Obert,4,4,0,1,1.0
113048,Oyono,4,3,1,0,0.75
51495,Rrahmani,4,4,0,0,1.0
51611,Akanji,4,4,0,2,1.0
67743,Ndicka,2,2,0,1,0.5
72863,Nuno Tavares,4,3,1,1,0.75
94914,Yan Couto,4,4,0,2,1.0
101889,Kalulu,4,4,0,0,1.0
120128,Lulli,4,4,0,2,1.0
61306,Bastoni,4,4,0,2,1.0
101890,Molina,3,1,2,0,0.25
43014,Zappacosta,3,2,1,0,0.5
54144,Comert,3,3,0,1,0.75
66177,Juan Miranda,3,2,1,0,0.5
95318,Chalobah,3,3,0,0,0.75
102806,De Winter,4,4,0,0,1.0
110692,Vasquez,4,4,0,2,1.0
119654,Rodriguez,4,4,0,1,1.0
120286,Helland,2,2,0,0,0.5
20809,Di Lorenzo,4,4,0,0,1.0
61216,Birindelli,4,4,0,1,1.0
66280,Celik,4,4,0,2,1.0
95361,Balerdi,2,1,1,0,0.25
118586,Alex Jimenez,3,2,1,1,0.5
59174,Estupinan,4,3,1,2,0.75
102886,Scalvini,4,4,0,0,1.0
111607,Floriani Mussolini,4,3,1,2,0.75
112395,Cittadini,4,3,1,2,0.75
116659,Leysen,4,3,1,0,0.75
120138,Siebert,4,3,1,0,0.75
26211,Spinazzola,4,3,1,0,0.75
71540,Vojvoda,4,4,0,2,1.0
102062,Valeri,4,4,0,0,1.0
102450,Bernasconi,2,1,1,1,0.25
102945,Dragusin,4,4,0,0,1.0
110749,Theate,2,2,0,0,0.5
111845,Ze Pedro,4,4,0,2,1.0
111873,Rafa Marin,4,4,0,1,1.0
112625,Mario Gila,4,4,0,3,1.0
118068,Ghilardi,2,1,1,0,0.25
118223,Bartesaghi,2,1,1,1,0.25
119515,Fortini,4,3,1,3,0.75
119839,Danilo Veiga,4,4,0,0,1.0
119843,Provstgaard Nielsen,4,4,0,0,1.0
120135,Belghali,2,1,1,1,0.25
120283,Drobnic,1,1,0,0,0.25
120428,Viery,3,2,1,0,0.5
120431,Koulierakis,1,0,1,0,0.0
17403,Rodriguez,1,0,1,0,0.0
17861,Juan Jesus,1,0,1,0,0.0
35198,Sabelli,2,2,0,1,0.5
38177,Haps,4,3,1,2,0.75
49976,Pavard,2,1,1,0,0.25
50622,Alfonso Pedraza,3,1,2,1,0.25
63096,Marusic,1,1,0,1,0.25
64713,Ranieri,2,2,0,1,0.5
69407,Gallo,3,3,0,1,0.75
76574,Zortea,2,1,1,1,0.25
95128,Kempf,2,1,1,0,0.25
95516,Kossounou,4,4,0,0,1.0
95957,Franjic,2,2,0,1,0.5
98169,Holm,4,3,1,1,0.75
117029,Saul Coco,4,4,0,1,1.0
119765,Kouadio,4,4,0,1,1.0
70846,Pavlovic,4,4,0,0,1.0
78237,Monterisi,4,2,2,1,0.5
95264,Ebosse,4,3,1,1,0.75
110366,Bella-Kotchap,3,3,0,1,0.75
39584,Stones,3,1,2,1,0.25
58739,Ismajli,3,1,2,0,0.25
65752,Solet,3,3,0,1,0.75
119948,Ndaba,2,1,1,0,0.25
120429,Valde,3,2,1,0,0.5
120499,Bakoune,3,1,2,1,0.25
120604,Alhassane,2,2,0,1,0.5
49392,Ehizibue,2,1,1,1,0.25
64709,Olivera,3,1,2,1,0.25
66418,Delprato,4,4,0,0,1.0
94722,Rafa Obrador,2,0,2,0,0.0
95196,Carboni,4,4,0,1,1.0
95701,Joao Mario,3,2,1,1,0.5
115107,Kofler,3,0,3,0,0.0
117802,Idzes,3,3,0,1,0.75
120151,Britschgi,3,3,0,3,0.75
70142,Thierry Correia,3,1,2,1,0.25
71322,Kelly,3,1,2,0,0.25
115833,Calvani,4,4,0,1,1.0
117727,Marcandalli,4,4,0,1,1.0
118057,Lucchesi,4,4,0,2,1.0
120136,Troilo,4,4,0,1,1.0
17350,Kolasinac,4,3,1,3,0.75
102393,Valenti,1,0,1,0,0.0
106152,Ndiaye,1,1,0,0,0.25
119561,Palma,1,1,0,1,0.25
119711,Kialonda Gaspar,3,3,0,1,0.75
119821,Otoa,1,0,1,0,0.0
119841,Smolcic,2,0,2,0,0.0
37476,Kabasele,2,1,1,0,0.25
50946,Diego Carlos,2,2,0,1,0.5
59671,Lazzari,2,0,2,0,0.0
62553,Gabbia,2,0,2,0,0.0
63203,Pongracic,2,1,1,1,0.25
63462,Terzic,2,0,2,0,0.0
65433,Bellanova,3,2,1,0,0.5
65906,Dodô,1,1,0,0,0.25
69996,Badiashile,1,0,1,0,0.0
71550,Sugawara,1,0,1,0,0.0
95960,Sutalo,1,1,0,1,0.25
98928,Patterson,1,0,1,0,0.0
105359,Heggem,4,4,0,0,1.0
109914,Bertola,3,0,3,0,0.0
109993,Østigård,4,4,0,1,1.0
119759,Schingtienne,4,4,0,0,1.0
119769,Moreno,2,1,1,1,0.25
68545,Lucumi,3,3,0,2,0.75
102281,Cambiaso,2,0,2,1,0.0
111487,Halhal,2,1,1,0,0.25
101933,Rensch,1,0,1,0,0.0
109534,Amey,1,0,1,0,0.0
120232,Maye,1,0,1,0,0.0
120272,Arizala,1,0,1,0,0.0
43291,Caleta-Car,1,0,1,0,0.0
69271,Diogo Leite,1,0,1,0,0.0
95212,Terracciano,1,0,1,0,0.0
95257,Aurelio,1,0,1,0,0.0
44633,Milinkovic-Savic,1,1,0,0,0.25
60457,Svilar,4,4,0,0,1.0
69665,Caprile,4,4,0,0,1.0
118319,Mandas,4,4,0,0,1.0
45335,Vicario,4,4,0,1,1.0
70334,Carnesecchi,4,4,0,0,1.0
110653,Palmisani,4,4,0,0,1.0
42646,Maignan,4,4,0,0,1.0
94809,Robert Sanchez,1,1,0,0,0.25
95090,Josep Martinez,4,4,0,0,1.0
98983,Butez,3,3,0,0,0.75
119794,Pessina,1,1,0,0,0.25
38409,Falcone,4,4,0,0,1.0
49089,Meret,3,3,0,0,0.75
118370,Lucas Perri,2,2,0,0,0.5
94916,Muric,4,4,0,0,1.0
38871,Skorupski,3,3,0,0,0.75
73141,Corvi,4,4,0,0,1.0
118649,Mascardi,2,2,0,0,0.5
59898,Bijlow,4,4,0,0,1.0
77144,Okoye,4,4,0,0,1.0
102651,Stankovic,4,4,0,0,1.0
61406,Thiam,3,3,0,0,0.75
16631,David de Gea,4,4,0,0,1.0
